node,community,cent_degree,cent_betweenness,cent_closeness,cent_pagerank
request for payment 1000,0,0.0026,0.0005,0.0108,0.0007
request for payment 10043,1,0.0019,0.0,0.0101,0.0005
request for payment 10231,2,0.0032,0.0,0.0115,0.0007
request for payment 10234,2,0.0032,0.0001,0.0118,0.0007
request for payment 10236,2,0.0039,0.0009,0.012,0.0008
request for payment 10305,3,0.0026,0.0093,0.0126,0.0007
request for payment 10319,4,0.0032,0.0023,0.0163,0.0008
request for payment 10322,5,0.0019,0.0,0.0148,0.0005
request for payment 10385,6,0.0026,0.0,0.0149,0.0006
request for payment 10388,6,0.0032,0.0011,0.0149,0.0008
request for payment 10390,6,0.0032,0.0,0.0149,0.0007
request for payment 10392,7,0.0026,0.0001,0.0071,0.0007
request for payment 10438,8,0.0026,0.1679,0.0164,0.0007
request for payment 1053,6,0.0039,0.003,0.0152,0.0009
request for payment 10540,9,0.0019,0.0003,0.0148,0.0006
request for payment 10847,10,0.0026,0.0001,0.0164,0.0006
request for payment 1098,33,0.0026,0.0347,0.019,0.0007
request for payment 11010,12,0.0019,0.0002,0.0184,0.0006
request for payment 11043,13,0.0019,0.0023,0.0169,0.0005
request for payment 11058,14,0.0026,0.0001,0.0035,0.0007
request for payment 11060,15,0.0026,0.0005,0.0043,0.0006
request for payment 11096,14,0.0026,0.0001,0.0035,0.0007
request for payment 11203,16,0.0032,0.0025,0.0135,0.0008
request for payment 11487,16,0.0026,0.0008,0.0133,0.0006
request for payment 11576,17,0.0019,0.0,0.0028,0.0005
request for payment 11614,1,0.0026,0.0002,0.0094,0.0006
request for payment 11616,1,0.0026,0.0002,0.0094,0.0006
request for payment 11655,18,0.0019,0.0027,0.0174,0.0005
request for payment 11741,9,0.0032,0.1406,0.0157,0.0008
request for payment 11743,9,0.0026,0.0072,0.0156,0.0007
request for payment 11908,19,0.0045,0.012,0.0169,0.0011
request for payment 1211,20,0.0026,0.0048,0.0181,0.0007
request for payment 12204,20,0.0019,0.0008,0.0188,0.0005
request for payment 12216,21,0.0019,0.0,0.0072,0.0006
request for payment 12286,19,0.0019,0.0043,0.0163,0.0006
request for payment 12324,22,0.0026,0.0,0.003,0.0006
request for payment 12343,23,0.0032,0.0025,0.014,0.0009
request for payment 12417,1,0.0019,0.0,0.0093,0.0005
request for payment 12436,6,0.0039,0.0044,0.0163,0.0009
request for payment 12476,24,0.0032,0.0,0.0032,0.0008
request for payment 12733,19,0.0019,0.0,0.0159,0.0005
request for payment 12735,19,0.0019,0.0,0.0159,0.0005
request for payment 12774,25,0.0026,0.0002,0.0137,0.0006
request for payment 12943,26,0.0019,0.0074,0.0094,0.0005
request for payment 13213,27,0.0026,0.0003,0.0083,0.0007
request for payment 13229,27,0.0026,0.0003,0.0083,0.0007
request for payment 13249,12,0.0019,0.1962,0.0182,0.0005
request for payment 13368,26,0.0026,0.0351,0.0096,0.0007
request for payment 13400,12,0.0019,0.0,0.0174,0.0005
request for payment 13441,18,0.0026,0.0165,0.0186,0.0006
request for payment 13601,28,0.0026,0.0012,0.0082,0.0007
request for payment 13604,28,0.0026,0.0001,0.0063,0.0006
request for payment 13686,29,0.0026,0.0,0.0026,0.0007
request for payment 13716,9,0.0026,0.0066,0.0133,0.0007
request for payment 13773,30,0.0032,0.0527,0.0111,0.0008
request for payment 13777,30,0.0019,0.0,0.0109,0.0005
request for payment 13795,31,0.0019,0.0,0.0057,0.0005
request for payment 13881,32,0.0026,0.0113,0.0109,0.0007
request for payment 13897,6,0.0026,0.012,0.0159,0.0007
request for payment 13936,6,0.0019,0.0005,0.0147,0.0006
request for payment 1401,23,0.0019,0.0,0.0157,0.0005
request for payment 14128,33,0.0019,0.0006,0.0159,0.0005
request for payment 1418,2,0.0032,0.0023,0.0111,0.0007
request for payment 14275,10,0.0026,0.0041,0.0151,0.0007
request for payment 14302,23,0.0032,0.0057,0.0152,0.0008
request for payment 14321,2,0.0019,0.0003,0.0111,0.0005
request for payment 14324,25,0.0019,0.0934,0.0128,0.0005
request for payment 14417,9,0.0026,0.0071,0.0157,0.0007
request for payment 14499,18,0.0026,0.0085,0.0178,0.0006
request for payment 14502,9,0.0019,0.0027,0.0153,0.0005
request for payment 1471,34,0.0032,0.0,0.0042,0.0007
request for payment 14761,13,0.0026,0.0911,0.0173,0.0006
request for payment 14777,14,0.0026,0.0,0.0048,0.0007
request for payment 14916,6,0.0032,0.0086,0.0177,0.0008
request for payment 1496,12,0.0019,0.0,0.0181,0.0005
request for payment 14972,35,0.0019,0.0,0.0142,0.0005
request for payment 14989,32,0.0026,0.0211,0.0106,0.0006
request for payment 1499,7,0.0026,0.0005,0.0067,0.0006
request for payment 15018,9,0.0019,0.0072,0.0148,0.0005
request for payment 15128,13,0.0019,0.0074,0.0167,0.0006
request for payment 15149,30,0.0019,0.0214,0.011,0.0005
request for payment 15182,6,0.0019,0.012,0.0167,0.0005
request for payment 15185,10,0.0019,0.0028,0.0158,0.0005
request for payment 15187,33,0.0019,0.0003,0.0162,0.0005
request for payment 1526,36,0.0026,0.0,0.0026,0.0007
request for payment 15263,7,0.0026,0.0005,0.0072,0.0007
request for payment 15285,2,0.0032,0.0009,0.0103,0.0007
request for payment 15319,12,0.0026,0.1002,0.0188,0.0007
request for payment 15505,15,0.0026,0.0011,0.0064,0.0006
request for payment 15508,31,0.0032,0.0006,0.0066,0.0007
request for payment 15529,10,0.0026,0.0091,0.0175,0.0006
request for payment 15545,0,0.0026,0.0006,0.0099,0.0007
request for payment 15609,23,0.0019,0.0066,0.0157,0.0005
request for payment 15612,33,0.0019,0.0042,0.0178,0.0006
request for payment 1571,28,0.0032,0.0002,0.008,0.0008
request for payment 15747,33,0.0019,0.0057,0.0165,0.0005
request for payment 15749,9,0.0019,0.0118,0.0152,0.0006
request for payment 15751,32,0.0026,0.0037,0.0099,0.0006
request for payment 15840,23,0.0019,0.0032,0.0156,0.0005
request for payment 1594,18,0.0026,0.002,0.016,0.0006
request for payment 16093,37,0.0032,0.0025,0.0143,0.0009
request for payment 16096,32,0.0026,0.0003,0.0098,0.0006
request for payment 16126,37,0.0019,0.0,0.014,0.0006
request for payment 16128,37,0.0019,0.0,0.014,0.0006
request for payment 16289,38,0.0039,0.0,0.0034,0.001
request for payment 16342,23,0.0019,0.0017,0.0143,0.0006
request for payment 16459,30,0.0032,0.0422,0.0108,0.0008
request for payment 16598,16,0.0032,0.0004,0.0131,0.0007
request for payment 16660,25,0.0019,0.0003,0.0132,0.0005
request for payment 16721,39,0.0026,0.0902,0.0126,0.0007
request for payment 16748,6,0.0019,0.0003,0.0145,0.0006
request for payment 16855,18,0.0032,0.0117,0.0178,0.0007
request for payment 16904,30,0.0039,0.0361,0.0107,0.0009
request for payment 1692,33,0.0019,0.0,0.0173,0.0005
request for payment 17075,2,0.0019,0.0,0.0074,0.0006
request for payment 17248,4,0.0019,0.0002,0.0159,0.0005
request for payment 17264,32,0.0026,0.0,0.0102,0.0006
request for payment 17267,16,0.0026,0.0694,0.0144,0.0007
request for payment 17322,13,0.0032,0.1823,0.0174,0.0008
request for payment 17325,13,0.0026,0.0911,0.0173,0.0006
request for payment 17477,40,0.0019,0.0,0.0031,0.0005
request for payment 17504,23,0.0026,0.0015,0.0162,0.0006
request for payment 17549,32,0.0026,0.0,0.0096,0.0006
request for payment 1756,13,0.0019,0.0,0.0148,0.0005
request for payment 1758,2,0.0019,0.0009,0.0089,0.0005
request for payment 17687,3,0.0026,0.0004,0.0124,0.0007
request for payment 17748,2,0.0019,0.0003,0.0089,0.0006
request for payment 17839,0,0.0032,0.0008,0.012,0.0008
request for payment 1793,16,0.0019,0.0101,0.0129,0.0005
request for payment 17966,41,0.0026,0.0326,0.0123,0.0006
request for payment 18016,1,0.0032,0.0008,0.0101,0.0008
request for payment 18272,18,0.0019,0.0,0.0169,0.0005
request for payment 18283,28,0.0026,0.0002,0.007,0.0007
request for payment 18332,8,0.0019,0.0001,0.0151,0.0006
request for payment 18441,15,0.0039,0.0011,0.0063,0.0009
request for payment 18443,15,0.0032,0.0005,0.0063,0.0007
request for payment 18445,35,0.0019,0.0,0.0142,0.0005
request for payment 18481,6,0.0026,0.0008,0.0159,0.0007
request for payment 18497,6,0.0032,0.0003,0.0152,0.0008
request for payment 185426,21,0.0026,0.0002,0.0068,0.0007
request for payment 185432,42,0.0019,0.0,0.0086,0.0006
request for payment 185438,42,0.0019,0.0,0.0086,0.0006
request for payment 185444,43,0.0026,0.0019,0.0111,0.0007
request for payment 185451,30,0.0019,0.0121,0.0115,0.0005
request for payment 185457,40,0.0026,0.0001,0.0051,0.0007
request for payment 185463,0,0.0026,0.0006,0.0117,0.0007
request for payment 185469,40,0.0019,0.0,0.0046,0.0005
request for payment 185475,29,0.0019,0.0,0.0039,0.0005
request for payment 185481,43,0.0019,0.0065,0.0128,0.0005
request for payment 185487,0,0.0026,0.0012,0.0103,0.0007
request for payment 185503,40,0.0026,0.0,0.0028,0.0006
request for payment 185508,21,0.0019,0.0,0.0065,0.0006
request for payment 185513,26,0.0019,0.0,0.0091,0.0005
request for payment 185519,26,0.0032,0.0022,0.0091,0.0008
request for payment 185526,0,0.0032,0.0005,0.011,0.0008
request for payment 185532,0,0.0032,0.0001,0.0104,0.0008
request for payment 185538,6,0.0032,0.008,0.0167,0.0008
request for payment 185544,27,0.0026,0.0077,0.0086,0.0006
request for payment 185550,8,0.0019,0.1623,0.0162,0.0005
request for payment 185557,40,0.0019,0.0001,0.0043,0.0005
request for payment 185562,29,0.0026,0.0,0.0036,0.0007
request for payment 185567,42,0.0026,0.0114,0.0091,0.0007
request for payment 185573,26,0.0032,0.0243,0.0092,0.0008
request for payment 185579,34,0.0026,0.0,0.0034,0.0006
request for payment 185585,26,0.0026,0.0018,0.009,0.0006
request for payment 185591,29,0.0019,0.0,0.0024,0.0006
request for payment 185597,26,0.0026,0.0023,0.009,0.0006
request for payment 185602,34,0.0026,0.0,0.0029,0.0007
request for payment 185607,34,0.0026,0.0,0.0029,0.0007
request for payment 185612,26,0.0032,0.0018,0.0092,0.0007
request for payment 185617,44,0.0019,0.0,0.0023,0.0005
request for payment 185623,43,0.0026,0.0,0.0081,0.0006
request for payment 185641,27,0.0039,0.0124,0.0088,0.0009
request for payment 185647,39,0.0019,0.0025,0.0114,0.0005
request for payment 185653,43,0.0019,0.0017,0.0104,0.0005
request for payment 185659,45,0.0019,0.0002,0.0144,0.0005
request for payment 185665,29,0.0026,0.0001,0.0043,0.0007
request for payment 185671,27,0.0026,0.0077,0.0086,0.0006
request for payment 185676,21,0.0026,0.0008,0.0092,0.0006
request for payment 185681,29,0.0032,0.0001,0.0042,0.0008
request for payment 185686,43,0.0026,0.0008,0.0096,0.0007
request for payment 185692,27,0.0019,0.0,0.0082,0.0005
request for payment 185697,40,0.0026,0.0001,0.0051,0.0007
request for payment 185713,31,0.0019,0.0,0.0061,0.0005
request for payment 185719,39,0.0026,0.001,0.0124,0.0007
request for payment 185725,0,0.0026,0.0002,0.011,0.0007
request for payment 185735,27,0.0026,0.0066,0.0082,0.0007
request for payment 185740,42,0.0019,0.0,0.009,0.0006
request for payment 185746,34,0.0019,0.0,0.0023,0.0005
request for payment 185751,29,0.0019,0.0,0.0024,0.0006
request for payment 185757,20,0.0026,0.0817,0.019,0.0007
request for payment 185763,40,0.0032,0.0002,0.0052,0.0008
request for payment 185768,29,0.0026,0.0,0.0038,0.0007
request for payment 185773,43,0.0026,0.0,0.0081,0.0006
request for payment 185778,26,0.0026,0.0,0.0091,0.0006
request for payment 185784,0,0.0019,0.0029,0.0104,0.0005
request for payment 185790,26,0.0019,0.0345,0.0095,0.0005
request for payment 185795,28,0.0032,0.0001,0.006,0.0008
request for payment 185802,42,0.0019,0.0,0.009,0.0006
request for payment 185821,43,0.0019,0.001,0.0121,0.0005
request for payment 185827,8,0.0019,0.0039,0.0165,0.0005
request for payment 185833,42,0.0026,0.0003,0.0086,0.0006
request for payment 185839,0,0.0026,0.0004,0.0095,0.0007
request for payment 185849,39,0.0019,0.0,0.0109,0.0005
request for payment 185868,21,0.0019,0.0,0.0081,0.0005
request for payment 185874,19,0.0019,0.0061,0.0163,0.0005
request for payment 185880,28,0.0026,0.0036,0.0092,0.0007
request for payment 185890,4,0.0032,0.0041,0.0175,0.0008
request for payment 185895,4,0.0026,0.0,0.0166,0.0007
request for payment 185900,39,0.0026,0.0588,0.0118,0.0007
request for payment 185906,2,0.0019,0.0,0.0079,0.0006
request for payment 185912,33,0.0026,0.0074,0.0187,0.0007
request for payment 185920,27,0.0019,0.0,0.0088,0.0005
request for payment 185938,27,0.0019,0.0147,0.0085,0.0005
request for payment 185945,30,0.0019,0.0121,0.0115,0.0005
request for payment 185951,42,0.0019,0.0,0.0085,0.0005
request for payment 185962,0,0.0026,0.0003,0.0095,0.0007
request for payment 185972,27,0.0026,0.0009,0.008,0.0007
request for payment 185978,0,0.0019,0.0,0.0088,0.0005
request for payment 185983,12,0.0026,0.1986,0.0194,0.0007
request for payment 185989,26,0.0019,0.0007,0.0089,0.0005
request for payment 186004,26,0.0026,0.0121,0.0093,0.0007
request for payment 186010,20,0.0026,0.1648,0.0191,0.0007
request for payment 186016,4,0.0019,0.0004,0.017,0.0005
request for payment 186022,4,0.0032,0.0021,0.017,0.0008
request for payment 186032,27,0.0032,0.0085,0.0087,0.0007
request for payment 186037,33,0.0019,0.0049,0.0185,0.0005
request for payment 186043,27,0.0019,0.0024,0.0082,0.0005
request for payment 186049,40,0.0019,0.0,0.0043,0.0006
request for payment 186058,27,0.0026,0.007,0.0089,0.0006
request for payment 186064,42,0.0019,0.0,0.0086,0.0006
request for payment 186070,34,0.0026,0.0,0.0034,0.0006
request for payment 186075,46,0.0026,0.0031,0.0126,0.0007
request for payment 186081,42,0.0026,0.0025,0.0088,0.0008
request for payment 186094,40,0.0019,0.0,0.0034,0.0006
request for payment 186099,34,0.0026,0.0,0.0036,0.0007
request for payment 186107,27,0.0032,0.014,0.0089,0.0008
request for payment 186120,42,0.0026,0.0041,0.0088,0.0007
request for payment 186125,43,0.0026,0.0042,0.0113,0.0007
request for payment 186130,2,0.0019,0.0,0.0083,0.0006
request for payment 186136,27,0.0019,0.004,0.0081,0.0005
request for payment 186141,0,0.0019,0.0,0.0083,0.0006
request for payment 186150,25,0.0039,0.003,0.014,0.0008
request for payment 186160,27,0.0019,0.0226,0.009,0.0005
request for payment 186166,0,0.0019,0.0,0.0083,0.0006
request for payment 186171,46,0.0032,0.0014,0.0117,0.0007
request for payment 186176,2,0.0019,0.0032,0.0131,0.0005
request for payment 186181,46,0.0019,0.0005,0.0113,0.0005
request for payment 186190,46,0.0032,0.0014,0.0117,0.0007
request for payment 186195,40,0.0019,0.0001,0.0046,0.0005
request for payment 186200,43,0.0026,0.0022,0.0102,0.0007
request for payment 186210,0,0.0019,0.0,0.0101,0.0005
request for payment 186221,46,0.0026,0.0022,0.0113,0.0006
request for payment 186226,20,0.0019,0.0694,0.0192,0.0005
request for payment 186231,43,0.0026,0.0001,0.008,0.0007
request for payment 186236,40,0.0032,0.0,0.0032,0.0007
request for payment 186241,40,0.0026,0.0002,0.0049,0.0007
request for payment 186247,21,0.0026,0.0008,0.0092,0.0006
request for payment 186254,21,0.0019,0.0,0.0065,0.0006
request for payment 186259,4,0.0026,0.0192,0.0184,0.0006
request for payment 186266,27,0.0019,0.0023,0.0079,0.0005
request for payment 186272,40,0.0019,0.0,0.0036,0.0005
request for payment 186277,46,0.0026,0.001,0.0119,0.0006
request for payment 186286,2,0.0019,0.0014,0.013,0.0006
request for payment 186291,27,0.0019,0.001,0.0079,0.0005
request for payment 186296,39,0.0019,0.0007,0.0119,0.0006
request for payment 186301,21,0.0019,0.0,0.0076,0.0006
request for payment 186306,13,0.0019,0.0021,0.0168,0.0005
request for payment 186312,43,0.0032,0.0008,0.0092,0.0008
request for payment 186317,0,0.0019,0.0,0.0083,0.0006
request for payment 186339,29,0.0026,0.0,0.0026,0.0007
request for payment 186350,43,0.0026,0.0005,0.0078,0.0008
request for payment 186355,43,0.0019,0.0007,0.0083,0.0005
request for payment 186361,43,0.0019,0.0,0.0073,0.0006
request for payment 186366,43,0.0019,0.0,0.0073,0.0006
request for payment 186371,43,0.0019,0.0,0.0073,0.0006
request for payment 186376,26,0.0019,0.0,0.009,0.0005
request for payment 186386,26,0.0026,0.0121,0.0093,0.0007
request for payment 186392,20,0.0019,0.1842,0.019,0.0005
request for payment 186397,46,0.0032,0.0024,0.0122,0.0008
request for payment 186402,26,0.0019,0.0015,0.009,0.0005
request for payment 186407,4,0.0019,0.0,0.0174,0.0005
request for payment 186412,26,0.0026,0.0027,0.0093,0.0007
request for payment 186418,8,0.0026,0.0003,0.0154,0.0007
request for payment 186424,21,0.0026,0.0027,0.0098,0.0007
request for payment 186434,27,0.0026,0.0032,0.008,0.0007
request for payment 186439,2,0.0026,0.0035,0.0133,0.0007
request for payment 186445,40,0.0032,0.0,0.0032,0.0007
request for payment 186450,39,0.0026,0.0159,0.0123,0.0007
request for payment 186456,27,0.0032,0.0085,0.0087,0.0007
request for payment 186461,27,0.0026,0.0062,0.0088,0.0006
request for payment 186477,46,0.0019,0.0,0.0105,0.0005
request for payment 186482,8,0.0026,0.0033,0.0158,0.0007
request for payment 186488,20,0.0026,0.0,0.0186,0.0007
request for payment 186494,4,0.0019,0.0,0.0166,0.0005
request for payment 186499,4,0.0019,0.0,0.0166,0.0005
request for payment 186504,43,0.0032,0.0004,0.0085,0.0008
request for payment 186510,39,0.0026,0.0033,0.0114,0.0007
request for payment 186515,43,0.0026,0.0037,0.0097,0.0007
request for payment 186524,27,0.0026,0.0009,0.008,0.0007
request for payment 186529,27,0.0039,0.0109,0.0083,0.001
request for payment 186534,27,0.0019,0.0,0.0077,0.0006
request for payment 186540,2,0.0026,0.0016,0.0132,0.0007
request for payment 186545,20,0.0039,0.0639,0.0192,0.0009
request for payment 186550,43,0.0019,0.0,0.009,0.0005
request for payment 186555,39,0.0019,0.0151,0.0121,0.0006
request for payment 186565,46,0.0019,0.0,0.0118,0.0005
request for payment 186570,18,0.0019,0.1841,0.0189,0.0005
request for payment 186589,34,0.0032,0.0,0.0035,0.0007
request for payment 186595,34,0.0032,0.0,0.003,0.0007
request for payment 1866,47,0.0026,0.0001,0.0049,0.0007
request for payment 186601,40,0.0026,0.0,0.0036,0.0006
request for payment 186606,20,0.0019,0.0365,0.0191,0.0005
request for payment 186612,4,0.0032,0.0094,0.0173,0.0008
request for payment 186617,39,0.0026,0.0366,0.0126,0.0007
request for payment 186623,27,0.0026,0.0139,0.0084,0.0007
request for payment 186629,20,0.0026,0.0425,0.0191,0.0006
request for payment 18971,13,0.0019,0.0,0.0174,0.0005
request for payment 19236,9,0.0026,0.001,0.0149,0.0007
request for payment 19238,32,0.0026,0.0003,0.0102,0.0006
request for payment 19256,3,0.0019,0.0,0.0116,0.0006
request for payment 19285,45,0.0019,0.0,0.0134,0.0005
request for payment 19288,3,0.0019,0.0,0.0116,0.0006
request for payment 19313,7,0.0019,0.0002,0.0052,0.0006
request for payment 19316,14,0.0019,0.0,0.004,0.0005
request for payment 19320,37,0.0019,0.0,0.0134,0.0004
request for payment 19422,20,0.0019,0.0049,0.0186,0.0005
request for payment 19437,22,0.0026,0.0,0.0034,0.0006
request for payment 19563,0,0.0026,0.0007,0.0102,0.0007
request for payment 19643,17,0.0032,0.0,0.0037,0.0008
request for payment 19976,25,0.0032,0.0005,0.0138,0.0007
request for payment 20117,48,0.0019,0.0,0.0031,0.0005
request for payment 20266,33,0.0019,0.0026,0.0175,0.0005
request for payment 20331,31,0.0026,0.0017,0.0066,0.0006
request for payment 20333,41,0.0026,0.0,0.0129,0.0007
request for payment 20335,41,0.0019,0.0,0.0129,0.0005
request for payment 20337,41,0.0019,0.0,0.0129,0.0005
request for payment 20339,15,0.0026,0.0001,0.0048,0.0006
request for payment 20464,19,0.0032,0.0085,0.0163,0.0008
request for payment 20529,38,0.0026,0.0,0.0033,0.0006
request for payment 20531,22,0.0039,0.0,0.0041,0.0009
request for payment 20624,39,0.0032,0.0734,0.0125,0.0008
request for payment 20815,40,0.0019,0.0,0.0031,0.0005
request for payment 20817,41,0.0026,0.0136,0.0114,0.0007
request for payment 20835,14,0.0019,0.0001,0.0032,0.0006
request for payment 21013,9,0.0019,0.0156,0.015,0.0006
request for payment 21157,37,0.0019,0.0045,0.0146,0.0005
request for payment 21159,9,0.0019,0.0,0.0126,0.0006
request for payment 21187,6,0.0032,0.0012,0.0152,0.0007
request for payment 21431,13,0.0019,0.0028,0.0172,0.0005
request for payment 21460,30,0.0019,0.0214,0.011,0.0005
request for payment 21504,1,0.0026,0.0023,0.0097,0.0006
request for payment 21590,41,0.0019,0.0,0.0129,0.0005
request for payment 21611,28,0.0019,0.0,0.008,0.0005
request for payment 21707,30,0.0026,0.0011,0.0103,0.0007
request for payment 21754,7,0.0026,0.0002,0.0072,0.0007
request for payment 21827,39,0.0019,0.0255,0.012,0.0006
request for payment 21861,39,0.0019,0.0255,0.012,0.0006
request for payment 21908,12,0.0026,0.1994,0.0186,0.0007
request for payment 21956,41,0.0032,0.0469,0.0136,0.0008
request for payment 22067,33,0.0039,0.0029,0.0175,0.0009
request for payment 22149,19,0.0019,0.0017,0.0161,0.0006
request for payment 22233,23,0.0019,0.0004,0.015,0.0005
request for payment 22292,19,0.0019,0.0,0.0165,0.0005
request for payment 22294,16,0.0026,0.0,0.0136,0.0006
request for payment 22316,49,0.0019,0.0,0.0019,0.0006
request for payment 22335,33,0.0032,0.0087,0.017,0.0008
request for payment 22359,8,0.0019,0.0,0.015,0.0006
request for payment 22400,23,0.0019,0.0,0.0147,0.0005
request for payment 22418,6,0.0026,0.0004,0.0155,0.0007
request for payment 22449,1,0.0026,0.0017,0.0102,0.0006
request for payment 2245,16,0.0026,0.0,0.0139,0.0006
request for payment 2247,14,0.0026,0.0001,0.0046,0.0007
request for payment 22548,40,0.0039,0.0001,0.0037,0.001
request for payment 22550,16,0.0019,0.0003,0.0138,0.0005
request for payment 22569,10,0.0019,0.0,0.0155,0.0005
request for payment 22663,9,0.0026,0.0041,0.015,0.0007
request for payment 22666,9,0.0019,0.0015,0.0151,0.0005
request for payment 22700,8,0.0019,0.008,0.0157,0.0006
request for payment 22759,13,0.0032,0.1858,0.0178,0.0008
request for payment 22778,50,0.0032,0.0002,0.0031,0.0009
request for payment 22781,50,0.0019,0.0,0.0029,0.0006
request for payment 22783,50,0.0019,0.0,0.0029,0.0006
request for payment 22785,50,0.0019,0.0003,0.0035,0.0006
request for payment 22787,50,0.0032,0.0005,0.0034,0.0009
request for payment 22789,50,0.0026,0.0001,0.0032,0.0007
request for payment 22791,50,0.0026,0.0004,0.0041,0.0007
request for payment 22794,50,0.0019,0.0003,0.0035,0.0006
request for payment 22796,51,0.0019,0.0036,0.0157,0.0005
request for payment 22800,50,0.0019,0.0,0.0029,0.0006
request for payment 22802,50,0.0026,0.0001,0.0032,0.0007
request for payment 22804,50,0.0019,0.0,0.0032,0.0005
request for payment 2283,47,0.0019,0.0,0.0041,0.0005
request for payment 2285,38,0.0019,0.0,0.0027,0.0005
request for payment 22900,6,0.0019,0.0011,0.0168,0.0006
request for payment 22915,32,0.0019,0.0,0.0095,0.0005
request for payment 2310,23,0.0019,0.0004,0.015,0.0005
request for payment 23116,52,0.0026,0.0,0.0026,0.0007
request for payment 23161,45,0.0019,0.0,0.0134,0.0005
request for payment 23191,23,0.0032,0.0139,0.0165,0.0008
request for payment 23207,15,0.0019,0.0003,0.0048,0.0005
request for payment 23222,32,0.0026,0.0001,0.0098,0.0006
request for payment 23237,19,0.0019,0.0007,0.0161,0.0005
request for payment 23239,19,0.0026,0.0054,0.0163,0.0007
request for payment 2331,23,0.0026,0.0012,0.0163,0.0006
request for payment 23411,24,0.0019,0.0,0.0026,0.0005
request for payment 23619,33,0.0039,0.0109,0.0174,0.0009
request for payment 23698,19,0.0019,0.0,0.0165,0.0005
request for payment 23769,7,0.0019,0.0,0.0061,0.0006
request for payment 23771,7,0.0019,0.0,0.0061,0.0006
request for payment 23793,6,0.0019,0.0103,0.0182,0.0005
request for payment 23974,6,0.0026,0.0214,0.0171,0.0007
request for payment 24003,16,0.0026,0.0,0.0136,0.0006
request for payment 24031,14,0.0026,0.0003,0.005,0.0007
request for payment 24033,31,0.0026,0.0008,0.0066,0.0006
request for payment 24035,7,0.0026,0.0003,0.0066,0.0007
request for payment 24056,14,0.0019,0.0,0.0034,0.0005
request for payment 24058,32,0.0039,0.0025,0.0098,0.0009
request for payment 24060,15,0.0032,0.0006,0.006,0.0007
request for payment 24062,15,0.0019,0.0017,0.0065,0.0005
request for payment 24064,50,0.0032,0.0007,0.0059,0.0008
request for payment 24066,50,0.0032,0.0007,0.0059,0.0008
request for payment 24068,50,0.0026,0.0016,0.0061,0.0006
request for payment 24070,15,0.0032,0.0001,0.0053,0.0007
request for payment 24072,35,0.0026,0.0103,0.0145,0.0006
request for payment 24074,18,0.0039,0.002,0.0173,0.0009
request for payment 24076,18,0.0026,0.0,0.0169,0.0006
request for payment 24134,8,0.0026,0.0036,0.0165,0.0006
request for payment 24156,6,0.0026,0.0025,0.0156,0.0006
request for payment 24355,53,0.0026,0.0,0.0026,0.0007
request for payment 24397,21,0.0019,0.0001,0.0076,0.0005
request for payment 24466,10,0.0032,0.0241,0.0164,0.0008
request for payment 24481,5,0.0026,0.0016,0.0159,0.0006
request for payment 24567,9,0.0019,0.0118,0.0148,0.0006
request for payment 24632,23,0.0019,0.0,0.0137,0.0006
request for payment 24635,23,0.0019,0.0,0.0137,0.0006
request for payment 24820,20,0.0032,0.0094,0.0181,0.0008
request for payment 24822,4,0.0039,0.0085,0.0179,0.0009
request for payment 2484,8,0.0039,0.007,0.0153,0.001
request for payment 24840,4,0.0039,0.0085,0.0179,0.0009
request for payment 25033,0,0.0026,0.0002,0.01,0.0007
request for payment 2504,12,0.0032,0.0029,0.0178,0.0008
request for payment 2506,12,0.0032,0.0029,0.0178,0.0008
request for payment 2508,12,0.0019,0.0,0.0181,0.0005
request for payment 25104,16,0.0019,0.001,0.0141,0.0005
request for payment 25189,6,0.0019,0.0038,0.0172,0.0006
request for payment 25316,19,0.0026,0.0056,0.0161,0.0007
request for payment 25407,9,0.0026,0.0003,0.0154,0.0007
request for payment 25410,9,0.0032,0.1389,0.0155,0.0008
request for payment 25592,6,0.0019,0.0004,0.0156,0.0005
request for payment 25639,24,0.0026,0.0,0.0037,0.0006
request for payment 25641,19,0.0019,0.0057,0.0161,0.0005
request for payment 25683,15,0.0026,0.0007,0.0046,0.0007
request for payment 25685,7,0.0026,0.0,0.0037,0.0006
request for payment 25687,7,0.0032,0.0,0.005,0.0008
request for payment 25689,13,0.0019,0.0015,0.017,0.0005
request for payment 25691,8,0.0032,0.135,0.0169,0.0008
request for payment 2573,23,0.0019,0.0,0.0155,0.0005
request for payment 2576,25,0.0026,0.0003,0.0131,0.0006
request for payment 25809,0,0.0026,0.0005,0.0104,0.0007
request for payment 25858,20,0.0039,0.045,0.0192,0.0009
request for payment 25861,20,0.0026,0.0425,0.0192,0.0006
request for payment 25948,25,0.0019,0.0,0.0123,0.0006
request for payment 25966,19,0.0019,0.0086,0.0162,0.0005
request for payment 25981,22,0.0019,0.0,0.003,0.0005
request for payment 25983,22,0.0032,0.0,0.0038,0.0008
request for payment 25985,33,0.0019,0.0066,0.0164,0.0006
request for payment 26191,47,0.0019,0.0,0.0048,0.0005
request for payment 26193,33,0.0032,0.0012,0.0173,0.0008
request for payment 26231,39,0.0032,0.0005,0.0117,0.0008
request for payment 26280,2,0.0019,0.0022,0.0118,0.0005
request for payment 26556,12,0.0019,0.0002,0.0183,0.0006
request for payment 2658,16,0.0032,0.0008,0.0133,0.0008
request for payment 2660,9,0.0026,0.0007,0.0131,0.0007
request for payment 2662,9,0.0026,0.0007,0.0131,0.0007
request for payment 26751,12,0.0019,0.0001,0.0185,0.0005
request for payment 26754,30,0.0039,0.0014,0.0107,0.0008
request for payment 26796,2,0.0032,0.0016,0.0114,0.0008
request for payment 26861,23,0.0019,0.0,0.0157,0.0005
request for payment 26864,4,0.0032,0.0026,0.0163,0.0008
request for payment 26866,39,0.0026,0.0019,0.0118,0.0007
request for payment 26911,29,0.0019,0.0,0.0024,0.0006
request for payment 26973,5,0.0019,0.0003,0.0155,0.0005
request for payment 2700,8,0.0019,0.0,0.0157,0.0006
request for payment 27007,31,0.0039,0.0009,0.0066,0.0008
request for payment 27009,0,0.0019,0.0,0.0101,0.0005
request for payment 2719,23,0.0019,0.0001,0.0157,0.0005
request for payment 27258,39,0.0026,0.0577,0.0123,0.0007
request for payment 2735,10,0.0019,0.0004,0.016,0.0005
request for payment 2738,2,0.0026,0.0002,0.0079,0.0007
request for payment 27387,2,0.0032,0.0007,0.0121,0.0007
request for payment 27406,1,0.0026,0.0345,0.0104,0.0006
request for payment 2778,23,0.0019,0.0081,0.016,0.0005
request for payment 27798,10,0.0032,0.0092,0.0158,0.0008
request for payment 2781,12,0.0019,0.0002,0.0186,0.0005
request for payment 27872,25,0.0026,0.001,0.0134,0.0007
request for payment 2805,50,0.0026,0.0007,0.0039,0.0007
request for payment 28072,33,0.0026,0.0008,0.0173,0.0006
request for payment 28196,39,0.0026,0.0501,0.0117,0.0007
request for payment 28198,0,0.0019,0.0028,0.0126,0.0005
request for payment 28269,13,0.0026,0.0015,0.0171,0.0007
request for payment 28393,13,0.0026,0.1961,0.0181,0.0006
request for payment 28534,35,0.0019,0.0,0.0133,0.0005
request for payment 28553,25,0.0026,0.0025,0.0125,0.0008
request for payment 28643,31,0.0019,0.0,0.006,0.0005
request for payment 28645,47,0.0045,0.0001,0.0044,0.0011
request for payment 28647,47,0.0019,0.0,0.0034,0.0005
request for payment 28649,47,0.0019,0.0,0.0034,0.0005
request for payment 28722,49,0.0019,0.0,0.0019,0.0006
request for payment 28759,6,0.0019,0.0001,0.0152,0.0005
request for payment 28762,7,0.0026,0.0003,0.0066,0.0007
request for payment 28764,7,0.0019,0.0001,0.0058,0.0006
request for payment 28766,7,0.0032,0.0002,0.0046,0.0008
request for payment 28768,24,0.0032,0.0001,0.0048,0.0008
request for payment 28770,7,0.0019,0.0,0.0037,0.0005
request for payment 28809,33,0.0019,0.001,0.0174,0.0005
request for payment 28812,33,0.0019,0.0,0.0169,0.0005
request for payment 28814,7,0.0032,0.0,0.0041,0.0008
request for payment 28816,16,0.0026,0.0014,0.0135,0.0006
request for payment 28985,8,0.0026,0.0003,0.0154,0.0007
request for payment 29025,18,0.0032,0.0011,0.016,0.0008
request for payment 29236,21,0.0039,0.0022,0.0086,0.0009
request for payment 29299,17,0.0019,0.0,0.0028,0.0005
request for payment 29368,20,0.0019,0.1714,0.0194,0.0005
request for payment 29637,33,0.0026,0.0081,0.0169,0.0007
request for payment 30083,7,0.0019,0.0002,0.0071,0.0005
request for payment 30137,53,0.0019,0.0,0.0021,0.0005
request for payment 30152,3,0.0019,0.0,0.0116,0.0006
request for payment 30288,27,0.0019,0.0034,0.0081,0.0005
request for payment 30396,19,0.0019,0.002,0.016,0.0005
request for payment 30419,23,0.0032,0.0,0.0147,0.0008
request for payment 30641,43,0.0026,0.0041,0.0117,0.0007
request for payment 30728,30,0.0019,0.0513,0.0113,0.0006
request for payment 30756,33,0.0019,0.0014,0.0169,0.0005
request for payment 30819,54,0.0026,0.0098,0.0137,0.0006
request for payment 30872,14,0.0039,0.0,0.0034,0.0008
request for payment 30915,7,0.0019,0.0,0.0041,0.0005
request for payment 30985,41,0.0026,0.0257,0.0113,0.0007
request for payment 30987,19,0.0019,0.0,0.0173,0.0005
request for payment 30990,14,0.0026,0.0001,0.0046,0.0007
request for payment 3100,37,0.0026,0.0012,0.014,0.0006
request for payment 31038,3,0.0019,0.0,0.0122,0.0005
request for payment 3105,9,0.0019,0.0,0.0147,0.0005
request for payment 31068,15,0.0032,0.0001,0.005,0.0008
request for payment 3107,9,0.0032,0.005,0.015,0.0008
request for payment 31070,15,0.0026,0.0,0.005,0.0006
request for payment 31094,16,0.0032,0.0008,0.0131,0.0007
request for payment 31097,13,0.0026,0.1852,0.018,0.0006
request for payment 31140,49,0.0019,0.0,0.0019,0.0006
request for payment 31200,45,0.0032,0.1449,0.0146,0.0008
request for payment 31203,45,0.0026,0.0,0.0146,0.0006
request for payment 31298,0,0.0032,0.0006,0.0108,0.0008
request for payment 3138,30,0.0026,0.0213,0.0101,0.0006
request for payment 31423,5,0.0026,0.0016,0.0155,0.0007
request for payment 31449,16,0.0052,0.0064,0.0143,0.0011
request for payment 31505,9,0.0019,0.0,0.0136,0.0005
request for payment 31593,23,0.0019,0.0,0.0147,0.0005
request for payment 31631,39,0.0019,0.0,0.0124,0.0005
request for payment 31855,28,0.0026,0.0012,0.007,0.0007
request for payment 31891,13,0.0026,0.0018,0.0177,0.0006
request for payment 31893,9,0.0032,0.0114,0.0142,0.0008
request for payment 3194,10,0.0026,0.0,0.0144,0.0007
request for payment 31980,32,0.0026,0.0003,0.0102,0.0006
request for payment 31982,25,0.0026,0.0002,0.0137,0.0007
request for payment 31984,11,0.0019,0.0,0.0021,0.0005
request for payment 32100,33,0.0026,0.0128,0.0182,0.0007
request for payment 32128,19,0.0026,0.0046,0.0165,0.0007
request for payment 32130,0,0.0019,0.0001,0.0093,0.0005
request for payment 32179,13,0.0026,0.001,0.0167,0.0007
request for payment 32182,13,0.0026,0.001,0.0167,0.0007
request for payment 32215,13,0.0019,0.0008,0.0171,0.0005
request for payment 32283,22,0.0026,0.0,0.0034,0.0006
request for payment 32285,3,0.0019,0.004,0.0123,0.0005
request for payment 32287,20,0.0019,0.1987,0.0194,0.0006
request for payment 32378,32,0.0019,0.0,0.0095,0.0005
request for payment 32380,31,0.0019,0.0004,0.0064,0.0005
request for payment 32419,43,0.0019,0.0041,0.0107,0.0005
request for payment 32422,48,0.0019,0.0,0.0026,0.0005
request for payment 32554,39,0.0019,0.0,0.0122,0.0005
request for payment 32692,33,0.0026,0.0034,0.0183,0.0007
request for payment 32881,7,0.0026,0.0002,0.0071,0.0007
request for payment 32900,25,0.0026,0.1373,0.0136,0.0007
request for payment 32916,24,0.0032,0.0,0.0041,0.0008
request for payment 3303,50,0.0039,0.0012,0.0047,0.001
request for payment 33074,39,0.0032,0.0006,0.0115,0.0008
request for payment 33089,39,0.0026,0.0006,0.0115,0.0006
request for payment 33201,6,0.0019,0.0,0.0159,0.0005
request for payment 33226,50,0.0019,0.0007,0.0037,0.0006
request for payment 33299,12,0.0026,0.0019,0.0191,0.0007
request for payment 3330,33,0.0032,0.0007,0.0162,0.0008
request for payment 33321,10,0.0019,0.0,0.0164,0.0005
request for payment 33324,54,0.0032,0.0,0.0132,0.0007
request for payment 33328,11,0.0026,0.0,0.0026,0.0007
request for payment 3333,47,0.0019,0.0,0.0028,0.0005
request for payment 33330,16,0.0019,0.0,0.014,0.0005
request for payment 33378,33,0.0019,0.0,0.0162,0.0006
request for payment 33440,12,0.0032,0.2014,0.0191,0.0008
request for payment 33467,16,0.0026,0.0099,0.0131,0.0006
request for payment 33948,23,0.0032,0.0089,0.0164,0.0008
request for payment 34049,9,0.0019,0.0,0.014,0.0005
request for payment 34109,19,0.0026,0.0163,0.0177,0.0007
request for payment 34172,6,0.0019,0.0127,0.0163,0.0006
request for payment 34330,22,0.0019,0.0,0.0032,0.0005
request for payment 34364,5,0.0026,0.0,0.0148,0.0007
request for payment 3443,29,0.0019,0.0,0.0038,0.0005
request for payment 34750,12,0.0019,0.0023,0.018,0.0005
request for payment 3480,12,0.0026,0.1995,0.0185,0.0007
request for payment 34816,2,0.0019,0.0005,0.0095,0.0005
request for payment 35218,12,0.0032,0.0079,0.0182,0.0008
request for payment 35230,2,0.0019,0.0028,0.0127,0.0006
request for payment 35281,4,0.0026,0.0179,0.0167,0.0006
request for payment 35442,36,0.0026,0.0,0.0026,0.0007
request for payment 35512,9,0.0019,0.0074,0.0136,0.0005
request for payment 3561,25,0.0019,0.0,0.0134,0.0005
request for payment 3564,41,0.0026,0.0136,0.0114,0.0007
request for payment 35728,25,0.0019,0.0,0.0136,0.0005
request for payment 35768,42,0.0026,0.009,0.009,0.0007
request for payment 35853,51,0.0032,0.0027,0.0153,0.0008
request for payment 35889,13,0.0032,0.0007,0.0176,0.0008
request for payment 35942,25,0.0019,0.0,0.0136,0.0005
request for payment 35957,21,0.0039,0.0014,0.0081,0.001
request for payment 3596,8,0.0019,0.0035,0.0154,0.0006
request for payment 35977,40,0.0026,0.0,0.0037,0.0007
request for payment 35992,39,0.0019,0.0,0.0112,0.0005
request for payment 36021,14,0.0026,0.0001,0.0055,0.0007
request for payment 36024,14,0.0026,0.0001,0.0055,0.0007
request for payment 36026,14,0.0019,0.0,0.005,0.0005
request for payment 36194,52,0.0019,0.0,0.0021,0.0005
request for payment 36274,16,0.0032,0.0066,0.0133,0.0007
request for payment 36276,16,0.0032,0.0066,0.0133,0.0007
request for payment 36368,18,0.0026,0.0008,0.0174,0.0006
request for payment 36398,13,0.0026,0.0021,0.0172,0.0006
request for payment 36489,8,0.0026,0.0058,0.0152,0.0007
request for payment 36520,19,0.0026,0.0046,0.0165,0.0007
request for payment 36539,35,0.0019,0.0,0.0133,0.0005
request for payment 36654,33,0.0026,0.0041,0.018,0.0006
request for payment 36656,13,0.0039,0.0041,0.0175,0.0009
request for payment 36658,13,0.0039,0.0041,0.0175,0.0009
request for payment 36660,13,0.0032,0.0031,0.0173,0.0008
request for payment 36825,32,0.0032,0.0094,0.0104,0.0008
request for payment 36828,19,0.0026,0.0008,0.0169,0.0007
request for payment 36887,2,0.0026,0.0002,0.0079,0.0007
request for payment 3696,25,0.0019,0.1378,0.0138,0.0005
request for payment 36990,23,0.0019,0.0049,0.0146,0.0006
request for payment 37002,7,0.0019,0.0,0.0055,0.0006
request for payment 37004,7,0.0019,0.0,0.0055,0.0006
request for payment 37237,9,0.0019,0.0,0.0139,0.0005
request for payment 37429,15,0.0032,0.0008,0.0051,0.0007
request for payment 37455,32,0.0026,0.0033,0.0104,0.0006
request for payment 37474,12,0.0026,0.0042,0.0184,0.0007
request for payment 37565,16,0.0019,0.0002,0.0138,0.0005
request for payment 37567,16,0.0019,0.0005,0.0138,0.0006
request for payment 37569,16,0.0019,0.0002,0.0138,0.0005
request for payment 37615,29,0.0026,0.0001,0.0028,0.0008
request for payment 37630,9,0.0019,0.0049,0.0144,0.0006
request for payment 37684,9,0.0032,0.0086,0.0139,0.0008
request for payment 37686,9,0.0026,0.0004,0.0139,0.0007
request for payment 37730,35,0.0032,0.0008,0.0136,0.0007
request for payment 37740,35,0.0032,0.0008,0.0136,0.0007
request for payment 37787,10,0.0032,0.0222,0.016,0.0008
request for payment 37789,33,0.0026,0.0048,0.0182,0.0007
request for payment 37791,13,0.0026,0.0022,0.0173,0.0006
request for payment 37793,13,0.0032,0.0022,0.017,0.0008
request for payment 37841,13,0.0039,0.187,0.0179,0.0009
request for payment 37938,9,0.0026,0.0027,0.0131,0.0007
request for payment 38000,37,0.0032,0.0023,0.014,0.0007
request for payment 3806,33,0.0032,0.0005,0.0175,0.0008
request for payment 38115,39,0.0019,0.0445,0.012,0.0005
request for payment 38157,18,0.0026,0.0085,0.0178,0.0006
request for payment 38159,9,0.0026,0.1592,0.016,0.0007
request for payment 38161,9,0.0019,0.0,0.0158,0.0005
request for payment 38206,7,0.0026,0.0,0.0041,0.0006
request for payment 38230,15,0.0052,0.0009,0.0054,0.0011
request for payment 38427,13,0.0032,0.0005,0.0176,0.0008
request for payment 38429,13,0.0019,0.0,0.0148,0.0005
request for payment 38478,37,0.0019,0.0,0.0131,0.0005
request for payment 38512,33,0.0019,0.0,0.0175,0.0005
request for payment 38547,28,0.0026,0.0013,0.0087,0.0007
request for payment 38615,23,0.0026,0.0003,0.0164,0.0006
request for payment 38642,15,0.0026,0.0006,0.006,0.0006
request for payment 38762,47,0.0019,0.0,0.0048,0.0005
request for payment 3878,23,0.0026,0.0001,0.0168,0.0006
request for payment 3880,23,0.0026,0.0001,0.0168,0.0006
request for payment 38837,16,0.0026,0.0694,0.0141,0.0006
request for payment 38853,41,0.0026,0.0222,0.0134,0.0006
request for payment 38954,0,0.0026,0.0025,0.0123,0.0007
request for payment 3898,25,0.0019,0.0,0.0123,0.0006
request for payment 38995,37,0.0019,0.0,0.0131,0.0005
request for payment 39163,39,0.0026,0.0454,0.0123,0.0007
request for payment 3917,12,0.0026,0.0028,0.0189,0.0007
request for payment 39185,54,0.0019,0.0003,0.0134,0.0005
request for payment 39243,21,0.0026,0.0004,0.0081,0.0007
request for payment 39343,9,0.0019,0.0006,0.0128,0.0005
request for payment 3936,30,0.0019,0.0,0.0105,0.0005
request for payment 3938,50,0.0019,0.0007,0.0054,0.0006
request for payment 39415,23,0.0026,0.0026,0.0161,0.0006
request for payment 39597,7,0.0026,0.0,0.0033,0.0006
request for payment 39599,7,0.0032,0.0,0.0037,0.0008
request for payment 39638,40,0.0032,0.0,0.0032,0.0007
request for payment 39896,0,0.0019,0.0,0.0112,0.0005
request for payment 39925,6,0.0019,0.0003,0.0145,0.0006
request for payment 40051,7,0.0019,0.0003,0.005,0.0005
request for payment 40242,39,0.0026,0.0508,0.0116,0.0007
request for payment 40297,7,0.0032,0.0003,0.0075,0.0008
request for payment 40321,16,0.0019,0.0,0.014,0.0005
request for payment 40343,10,0.0019,0.0,0.0164,0.0005
request for payment 40381,18,0.0026,0.0,0.0159,0.0006
request for payment 40665,48,0.0019,0.0,0.0025,0.0006
request for payment 40680,36,0.0019,0.0,0.0021,0.0005
request for payment 40726,31,0.0026,0.0,0.0063,0.0006
request for payment 40814,7,0.0032,0.0,0.005,0.0008
request for payment 40816,41,0.0032,0.0396,0.0127,0.0008
request for payment 40900,14,0.0026,0.0,0.0038,0.0006
request for payment 40991,7,0.0026,0.0001,0.0069,0.0007
request for payment 41262,47,0.0026,0.0,0.0035,0.0007
request for payment 41264,9,0.0026,0.0128,0.0145,0.0007
request for payment 41336,1,0.0026,0.0017,0.0102,0.0006
request for payment 41339,2,0.0026,0.0,0.0084,0.0007
request for payment 41488,0,0.0019,0.0015,0.0112,0.0005
request for payment 41567,45,0.0019,0.011,0.0146,0.0006
request for payment 41610,43,0.0019,0.0017,0.0101,0.0005
request for payment 41665,30,0.0019,0.042,0.01,0.0005
request for payment 41820,15,0.0032,0.0004,0.0059,0.0008
request for payment 41856,29,0.0026,0.0,0.0026,0.0007
request for payment 4196,34,0.0019,0.0,0.0042,0.0005
request for payment 41967,7,0.0039,0.0003,0.0064,0.0011
request for payment 41969,7,0.0026,0.0002,0.0057,0.0007
request for payment 41971,39,0.0026,0.0329,0.0125,0.0007
request for payment 41993,54,0.0032,0.0031,0.0134,0.0007
request for payment 41996,54,0.0045,0.004,0.0134,0.001
request for payment 42066,14,0.0019,0.0,0.0034,0.0006
request for payment 42068,45,0.0019,0.0049,0.0143,0.0006
request for payment 42112,10,0.0045,0.0051,0.0155,0.0011
request for payment 42114,8,0.0019,0.0065,0.0162,0.0005
request for payment 42145,10,0.0032,0.0264,0.0168,0.0008
request for payment 42147,8,0.0026,0.001,0.0161,0.0007
request for payment 42350,42,0.0026,0.0,0.0085,0.0006
request for payment 42534,50,0.0019,0.0,0.0047,0.0005
request for payment 42536,7,0.0019,0.0001,0.0058,0.0006
request for payment 42538,50,0.0026,0.0,0.0057,0.0006
request for payment 42540,50,0.0019,0.0,0.0047,0.0005
request for payment 42542,50,0.0026,0.0013,0.005,0.0007
request for payment 42587,15,0.0019,0.0002,0.0057,0.0005
request for payment 42589,15,0.0019,0.0002,0.0057,0.0005
request for payment 42661,12,0.0026,0.0019,0.0191,0.0007
request for payment 42688,25,0.0019,0.0,0.013,0.0005
request for payment 42785,13,0.0019,0.0,0.0174,0.0005
request for payment 42818,4,0.0026,0.0,0.0155,0.0007
request for payment 42904,5,0.0019,0.0,0.0155,0.0005
request for payment 42974,2,0.0032,0.0007,0.0084,0.0008
request for payment 43014,2,0.0026,0.0006,0.0112,0.0007
request for payment 43071,17,0.0032,0.0,0.003,0.0008
request for payment 43073,15,0.0032,0.0004,0.004,0.0007
request for payment 43075,15,0.0026,0.0004,0.0048,0.0006
request for payment 43109,8,0.0032,0.0051,0.0164,0.0008
request for payment 43111,39,0.0019,0.0523,0.0122,0.0006
request for payment 43142,29,0.0019,0.0001,0.0034,0.0005
request for payment 43217,33,0.0019,0.0013,0.0179,0.0005
request for payment 43219,39,0.0019,0.0074,0.0116,0.0005
request for payment 43221,0,0.0019,0.0,0.0096,0.0005
request for payment 43245,15,0.0032,0.0001,0.0038,0.0007
request for payment 43323,13,0.0026,0.0016,0.0177,0.0006
request for payment 43402,25,0.0026,0.0933,0.0129,0.0007
request for payment 43417,18,0.0032,0.0,0.0166,0.0007
request for payment 43419,18,0.0026,0.0106,0.0174,0.0006
request for payment 43445,6,0.0026,0.0004,0.0155,0.0007
request for payment 43473,12,0.0019,0.1934,0.0192,0.0005
request for payment 43493,5,0.0019,0.0,0.0151,0.0005
request for payment 43536,45,0.0026,0.0041,0.0139,0.0007
request for payment 43574,13,0.0032,0.0008,0.0151,0.0008
request for payment 43576,13,0.0026,0.0017,0.0155,0.0007
request for payment 43578,13,0.0026,0.0017,0.0155,0.0007
request for payment 43677,23,0.0019,0.005,0.0157,0.0005
request for payment 43680,9,0.0019,0.1385,0.0153,0.0005
request for payment 43770,16,0.0032,0.0,0.014,0.0007
request for payment 43772,16,0.0019,0.0,0.0139,0.0005
request for payment 44052,8,0.0026,0.0517,0.0169,0.0007
request for payment 44097,54,0.0032,0.0,0.0132,0.0007
request for payment 44132,8,0.0019,0.0016,0.0163,0.0005
request for payment 4415,41,0.0026,0.0002,0.0134,0.0006
request for payment 44162,23,0.0019,0.0001,0.0157,0.0005
request for payment 44197,43,0.0032,0.001,0.0097,0.0008
request for payment 44200,28,0.0019,0.0,0.0058,0.0005
request for payment 44412,25,0.0019,0.0,0.0135,0.0005
request for payment 44488,14,0.0026,0.0002,0.0039,0.0007
request for payment 44511,32,0.0032,0.0025,0.0102,0.0007
request for payment 44513,23,0.0045,0.0025,0.015,0.0011
request for payment 44644,19,0.0026,0.0,0.0159,0.0006
request for payment 44667,0,0.0019,0.0001,0.0097,0.0005
request for payment 44717,30,0.0032,0.0512,0.0117,0.0009
request for payment 44732,33,0.0026,0.027,0.0189,0.0007
request for payment 44946,7,0.0032,0.0,0.0041,0.0008
request for payment 44964,33,0.0019,0.0137,0.0187,0.0005
request for payment 45223,10,0.0019,0.0,0.0166,0.0005
request for payment 45257,43,0.0019,0.0003,0.0091,0.0005
request for payment 45259,19,0.0019,0.0,0.0159,0.0005
request for payment 45277,26,0.0032,0.0005,0.0096,0.0008
request for payment 45279,26,0.0032,0.0025,0.0097,0.0008
request for payment 4539,14,0.0032,0.0001,0.0047,0.0008
request for payment 4541,13,0.0019,0.0029,0.0163,0.0006
request for payment 4544,23,0.0026,0.0058,0.0153,0.0007
request for payment 45464,37,0.0019,0.0,0.014,0.0006
request for payment 45517,10,0.0032,0.0007,0.0148,0.0008
request for payment 45519,0,0.0019,0.0001,0.0095,0.0005
request for payment 45765,4,0.0019,0.0,0.0155,0.0005
request for payment 45790,45,0.0032,0.0075,0.0148,0.0007
request for payment 45805,45,0.0032,0.0496,0.015,0.0008
request for payment 45983,24,0.0019,0.0,0.0026,0.0005
request for payment 46022,15,0.0019,0.0,0.0047,0.0005
request for payment 46194,12,0.0019,0.0997,0.0188,0.0005
request for payment 46427,14,0.0032,0.0,0.0038,0.0007
request for payment 46482,10,0.0026,0.0007,0.0148,0.0007
request for payment 46497,2,0.0026,0.0008,0.0125,0.0006
request for payment 46613,2,0.0019,0.0031,0.0134,0.0005
request for payment 46654,39,0.0026,0.001,0.0124,0.0007
request for payment 46688,2,0.0032,0.0005,0.0103,0.0007
request for payment 46706,2,0.0032,0.0005,0.0103,0.0007
request for payment 46772,14,0.0019,0.0001,0.0043,0.0005
request for payment 46774,15,0.0026,0.0001,0.005,0.0006
request for payment 46802,3,0.0026,0.0012,0.012,0.0007
request for payment 4681,45,0.0026,0.0037,0.0146,0.0007
request for payment 46821,23,0.0019,0.0007,0.017,0.0005
request for payment 46843,47,0.0019,0.0,0.0035,0.0005
request for payment 46845,23,0.0032,0.0119,0.0168,0.0007
request for payment 46884,13,0.0019,0.1856,0.0175,0.0005
request for payment 46887,7,0.0019,0.0,0.0049,0.0005
request for payment 46946,20,0.0019,0.0,0.0186,0.0005
request for payment 46948,49,0.0019,0.0,0.0019,0.0006
request for payment 46987,13,0.0019,0.1858,0.0176,0.0005
request for payment 46989,24,0.0019,0.0,0.0044,0.0005
request for payment 47053,7,0.0019,0.0,0.0044,0.0005
request for payment 47146,8,0.0019,0.0001,0.0151,0.0006
request for payment 47248,20,0.0019,0.0,0.0181,0.0005
request for payment 47323,3,0.0026,0.003,0.012,0.0007
request for payment 47325,3,0.0019,0.0015,0.012,0.0005
request for payment 47449,14,0.0019,0.0,0.0047,0.0005
request for payment 47482,24,0.0032,0.0,0.0038,0.0008
request for payment 47657,9,0.0026,0.0235,0.0156,0.0006
request for payment 47724,35,0.0019,0.0262,0.0149,0.0005
request for payment 47804,16,0.0032,0.0392,0.0146,0.0008
request for payment 48124,23,0.0032,0.0049,0.0164,0.0007
request for payment 48206,28,0.0026,0.0001,0.006,0.0007
request for payment 48209,10,0.0019,0.0,0.0144,0.0005
request for payment 48315,21,0.0026,0.0002,0.0068,0.0007
request for payment 48461,23,0.0026,0.0093,0.0167,0.0006
request for payment 48546,8,0.0032,0.1763,0.0165,0.0008
request for payment 48583,43,0.0019,0.0,0.0111,0.0005
request for payment 48594,33,0.0026,0.0086,0.0178,0.0007
request for payment 48622,30,0.0026,0.0158,0.0108,0.0007
request for payment 48839,3,0.0019,0.0,0.0124,0.0005
request for payment 48888,8,0.0026,0.0093,0.0161,0.0007
request for payment 48922,32,0.0026,0.0113,0.0109,0.0007
request for payment 48948,18,0.0026,0.0,0.0166,0.0006
request for payment 48951,8,0.0019,0.0126,0.016,0.0006
request for payment 48995,31,0.0019,0.0,0.0057,0.0005
request for payment 49048,28,0.0026,0.002,0.0074,0.0007
request for payment 4906,53,0.0019,0.0,0.0021,0.0005
request for payment 49080,0,0.0026,0.001,0.011,0.0007
request for payment 49095,32,0.0019,0.0005,0.0099,0.0005
request for payment 49202,12,0.0026,0.0054,0.0187,0.0007
request for payment 49204,10,0.0019,0.0004,0.0168,0.0005
request for payment 49447,9,0.0026,0.0019,0.0128,0.0007
request for payment 49633,38,0.0032,0.0,0.0044,0.0008
request for payment 49670,23,0.0032,0.0003,0.0159,0.0007
request for payment 49672,23,0.0032,0.0003,0.0159,0.0007
request for payment 4972,25,0.0019,0.0,0.0123,0.0006
request for payment 49817,33,0.0019,0.0057,0.018,0.0005
request for payment 49849,33,0.0026,0.0006,0.0169,0.0007
request for payment 49851,9,0.0026,0.0138,0.0151,0.0007
request for payment 49869,31,0.0032,0.0016,0.0063,0.0008
request for payment 49910,18,0.0032,0.0055,0.0178,0.0007
request for payment 49939,33,0.0026,0.0085,0.0183,0.0007
request for payment 49941,30,0.0019,0.0,0.0108,0.0005
request for payment 501,14,0.0019,0.0,0.0026,0.0006
request for payment 50272,30,0.0039,0.044,0.0103,0.001
request for payment 50305,30,0.0032,0.0005,0.0101,0.0008
request for payment 50609,1,0.0026,0.0,0.0101,0.0006
request for payment 50624,23,0.0052,0.0103,0.0161,0.0012
request for payment 5063,25,0.0032,0.1413,0.0141,0.0007
request for payment 50640,26,0.0026,0.0118,0.0098,0.0006
request for payment 50720,10,0.0026,0.0311,0.0172,0.0006
request for payment 5079,18,0.0039,0.0,0.0166,0.0008
request for payment 50887,20,0.0026,0.0216,0.0189,0.0007
request for payment 50979,41,0.0019,0.0002,0.0133,0.0005
request for payment 50994,30,0.0019,0.0009,0.0104,0.0005
request for payment 50996,41,0.0019,0.0,0.0113,0.0005
request for payment 5106,4,0.0032,0.001,0.0159,0.0008
request for payment 51071,12,0.0019,0.0034,0.0188,0.0005
request for payment 51385,8,0.0032,0.1752,0.0166,0.0008
request for payment 51429,2,0.0032,0.0004,0.0096,0.0007
request for payment 5144,3,0.0026,0.0012,0.012,0.0007
request for payment 51548,6,0.0019,0.0,0.0155,0.0005
request for payment 51566,39,0.0019,0.0017,0.0121,0.0005
request for payment 51582,35,0.0039,0.0037,0.0139,0.0008
request for payment 51874,46,0.0019,0.0026,0.0112,0.0005
request for payment 51876,12,0.0019,0.1945,0.0192,0.0005
request for payment 52043,16,0.0032,0.0048,0.014,0.0008
request for payment 52075,51,0.0026,0.0019,0.0153,0.0007
request for payment 52097,33,0.0019,0.0062,0.0164,0.0006
request for payment 52222,0,0.0026,0.0,0.0092,0.0007
request for payment 52240,18,0.0026,0.0073,0.0166,0.0006
request for payment 52287,26,0.0032,0.0127,0.0098,0.0008
request for payment 52289,9,0.0026,0.0181,0.0146,0.0007
request for payment 52359,16,0.0026,0.0013,0.0141,0.0007
request for payment 52492,18,0.0032,0.0091,0.017,0.0007
request for payment 52559,12,0.0026,0.0046,0.0174,0.0006
request for payment 52666,10,0.0032,0.0072,0.0166,0.0007
request for payment 52698,33,0.0032,0.0017,0.0169,0.0008
request for payment 52701,45,0.0039,0.097,0.0148,0.0009
request for payment 52874,14,0.0019,0.0,0.0047,0.0005
request for payment 52876,23,0.0039,0.1152,0.0168,0.0009
request for payment 52894,25,0.0032,0.1399,0.0139,0.0008
request for payment 53144,23,0.0026,0.0058,0.0161,0.0006
request for payment 53212,13,0.0026,0.0094,0.0177,0.0006
request for payment 53214,16,0.0026,0.0157,0.0138,0.0006
request for payment 53302,15,0.0019,0.0003,0.0055,0.0005
request for payment 53483,12,0.0026,0.1003,0.019,0.0007
request for payment 53485,1,0.0032,0.0005,0.0095,0.0008
request for payment 5350,25,0.0026,0.0188,0.0129,0.0007
request for payment 5352,6,0.0019,0.0011,0.0168,0.0006
request for payment 53544,24,0.0032,0.0,0.0032,0.0008
request for payment 53615,43,0.0032,0.0004,0.0085,0.0008
request for payment 53673,1,0.0032,0.0008,0.0096,0.0008
request for payment 53701,54,0.0019,0.0,0.0132,0.0005
request for payment 53721,42,0.0019,0.0082,0.0089,0.0006
request for payment 53761,25,0.0032,0.0664,0.0131,0.0008
request for payment 53763,43,0.0039,0.0053,0.0123,0.001
request for payment 53832,16,0.0019,0.0004,0.0133,0.0005
request for payment 53834,14,0.0019,0.0003,0.0053,0.0006
request for payment 53876,0,0.0039,0.0009,0.0103,0.0009
request for payment 54014,30,0.0039,0.0494,0.011,0.001
request for payment 5406,25,0.0032,0.0008,0.0132,0.0008
request for payment 54104,10,0.0026,0.0136,0.0162,0.0006
request for payment 54133,31,0.0019,0.0,0.006,0.0005
request for payment 54184,4,0.0026,0.0005,0.0159,0.0006
request for payment 54186,16,0.0026,0.0149,0.0145,0.0006
request for payment 5425,14,0.0026,0.0,0.005,0.0007
request for payment 5428,18,0.0039,0.0135,0.0173,0.0009
request for payment 54321,23,0.0019,0.0017,0.0143,0.0006
request for payment 54340,35,0.0019,0.0,0.0133,0.0005
request for payment 54342,20,0.0026,0.1576,0.0193,0.0006
request for payment 54477,33,0.0026,0.0008,0.0163,0.0007
request for payment 54495,43,0.0026,0.0,0.0115,0.0007
request for payment 54497,18,0.0032,0.0013,0.017,0.0007
request for payment 54520,33,0.0019,0.0003,0.0166,0.0006
request for payment 54522,38,0.0026,0.0,0.0041,0.0006
request for payment 54683,20,0.0039,0.104,0.0191,0.001
request for payment 54699,33,0.0039,0.0091,0.0178,0.0009
request for payment 54737,33,0.0019,0.0,0.0169,0.0005
request for payment 54740,15,0.0032,0.0,0.005,0.0007
request for payment 54806,24,0.0039,0.0,0.0047,0.0009
request for payment 54808,13,0.0039,0.0018,0.0178,0.0009
request for payment 5489,6,0.0019,0.0024,0.0159,0.0005
request for payment 54920,7,0.0019,0.0003,0.0045,0.0005
request for payment 54922,6,0.0019,0.0015,0.0164,0.0006
request for payment 54924,16,0.0026,0.0004,0.0142,0.0006
request for payment 55071,28,0.0026,0.0012,0.0082,0.0007
request for payment 5514,53,0.0026,0.0,0.0026,0.0007
request for payment 55212,38,0.0039,0.0,0.0035,0.0009
request for payment 55253,5,0.0026,0.003,0.0159,0.0006
request for payment 55319,32,0.0026,0.0003,0.0102,0.0006
request for payment 55352,0,0.0026,0.0035,0.0116,0.0007
request for payment 5548,2,0.0019,0.0,0.0116,0.0005
request for payment 55528,39,0.0019,0.0449,0.0122,0.0005
request for payment 55582,0,0.0026,0.0008,0.011,0.0007
request for payment 55585,29,0.0026,0.0001,0.004,0.0007
request for payment 55811,18,0.0019,0.0,0.0169,0.0005
request for payment 55813,30,0.0026,0.0213,0.0101,0.0006
request for payment 55854,17,0.0026,0.0,0.0028,0.0007
request for payment 55856,17,0.0019,0.0,0.0027,0.0005
request for payment 55858,17,0.0026,0.0,0.0028,0.0007
request for payment 55879,28,0.0026,0.0002,0.007,0.0007
request for payment 55896,33,0.0026,0.0124,0.0186,0.0007
request for payment 55911,32,0.0019,0.0,0.0095,0.0005
request for payment 55943,30,0.0019,0.051,0.0114,0.0005
request for payment 55992,6,0.0039,0.0006,0.0152,0.0009
request for payment 55994,1,0.0019,0.0,0.0099,0.0005
request for payment 56037,32,0.0026,0.0,0.0101,0.0006
request for payment 56039,30,0.0019,0.0348,0.0105,0.0005
request for payment 56139,21,0.0026,0.0,0.0077,0.0007
request for payment 56142,41,0.0026,0.0318,0.012,0.0007
request for payment 56144,9,0.0019,0.0122,0.0158,0.0005
request for payment 56146,41,0.0032,0.0003,0.0125,0.0008
request for payment 56236,26,0.0019,0.0169,0.0094,0.0005
request for payment 56255,19,0.0026,0.0001,0.0161,0.0006
request for payment 56329,15,0.0039,0.0001,0.0038,0.0009
request for payment 56447,24,0.0019,0.0,0.0027,0.0006
request for payment 56450,47,0.0026,0.0,0.0035,0.0006
request for payment 56452,47,0.0039,0.0,0.0036,0.0009
request for payment 567,19,0.0026,0.0042,0.0162,0.0007
request for payment 5679,9,0.0019,0.0116,0.0149,0.0006
request for payment 56905,33,0.0019,0.0008,0.0173,0.0005
request for payment 56907,37,0.0032,0.0082,0.0143,0.0008
request for payment 56965,36,0.0019,0.0,0.0021,0.0005
request for payment 570,6,0.0019,0.0,0.0152,0.0005
request for payment 57052,33,0.0019,0.0043,0.0174,0.0005
request for payment 57100,37,0.0019,0.0049,0.015,0.0006
request for payment 57183,14,0.0026,0.0001,0.0029,0.0008
request for payment 57185,39,0.0026,0.0018,0.0121,0.0007
request for payment 57187,50,0.0019,0.0007,0.0054,0.0006
request for payment 57189,23,0.0026,0.0002,0.0159,0.0006
request for payment 57191,6,0.0026,0.0008,0.0163,0.0006
request for payment 57193,7,0.0039,0.0002,0.0041,0.0009
request for payment 57246,51,0.0019,0.0,0.0146,0.0005
request for payment 57249,38,0.0026,0.0,0.0028,0.0007
request for payment 57325,17,0.0039,0.0,0.0039,0.0009
request for payment 57327,17,0.0032,0.0,0.0037,0.0008
request for payment 57345,9,0.0026,0.022,0.0153,0.0007
request for payment 57373,1,0.0032,0.0133,0.0101,0.0008
request for payment 5738,13,0.0032,0.0005,0.0176,0.0008
request for payment 57403,1,0.0032,0.0008,0.0101,0.0008
request for payment 57493,45,0.0026,0.0153,0.0148,0.0007
request for payment 57531,28,0.0019,0.0004,0.0063,0.0005
request for payment 57547,33,0.0026,0.007,0.0166,0.0007
request for payment 57570,39,0.0026,0.0152,0.0125,0.0007
request for payment 57636,18,0.0026,0.0001,0.0174,0.0006
request for payment 57639,18,0.0019,0.0057,0.0169,0.0005
request for payment 57866,39,0.0032,0.0019,0.0117,0.0008
request for payment 57911,48,0.0019,0.0,0.0026,0.0005
request for payment 58002,10,0.0039,0.0084,0.017,0.0009
request for payment 58005,10,0.0039,0.0084,0.017,0.0009
request for payment 58046,2,0.0019,0.0014,0.013,0.0006
request for payment 58253,6,0.0026,0.0002,0.0152,0.0006
request for payment 58296,14,0.0019,0.0,0.0044,0.0005
request for payment 58298,23,0.0026,0.0002,0.0149,0.0007
request for payment 58335,21,0.0019,0.0006,0.0072,0.0006
request for payment 58373,33,0.0019,0.01,0.0188,0.0006
request for payment 58375,33,0.0019,0.01,0.0188,0.0006
request for payment 58478,41,0.0045,0.044,0.0131,0.0011
request for payment 58541,33,0.0019,0.0,0.0169,0.0005
request for payment 58605,33,0.0019,0.0012,0.0182,0.0005
request for payment 58641,20,0.0032,0.0173,0.0191,0.0008
request for payment 58659,6,0.0026,0.0,0.0149,0.0006
request for payment 5872,45,0.0019,0.1381,0.0152,0.0005
request for payment 58805,18,0.0019,0.0002,0.0162,0.0005
request for payment 58807,51,0.0019,0.0004,0.015,0.0005
request for payment 58896,16,0.0026,0.0055,0.0137,0.0006
request for payment 58960,51,0.0019,0.0,0.015,0.0005
request for payment 59068,45,0.0039,0.0493,0.0148,0.0009
request for payment 5909,41,0.0032,0.0288,0.0116,0.0008
request for payment 59131,2,0.0032,0.0006,0.0096,0.0007
request for payment 59215,48,0.0019,0.0,0.0031,0.0005
request for payment 59225,24,0.0019,0.0,0.004,0.0005
request for payment 59274,13,0.0019,0.0045,0.0172,0.0005
request for payment 59305,3,0.0032,0.0068,0.0124,0.0008
request for payment 59388,5,0.0032,0.003,0.0155,0.0008
request for payment 59580,43,0.0019,0.0003,0.0091,0.0005
request for payment 59621,20,0.0019,0.1714,0.0194,0.0006
request for payment 59649,9,0.0019,0.0017,0.0143,0.0005
request for payment 59793,33,0.0026,0.0009,0.0163,0.0007
request for payment 59915,45,0.0032,0.0912,0.015,0.0007
request for payment 59938,38,0.0019,0.0,0.0026,0.0005
request for payment 59940,15,0.0026,0.0,0.0038,0.0006
request for payment 59942,41,0.0026,0.0001,0.0131,0.0007
request for payment 60094,47,0.0019,0.0,0.0035,0.0005
request for payment 60115,23,0.0032,0.0021,0.0163,0.0007
request for payment 60249,12,0.0026,0.0051,0.0186,0.0007
request for payment 60344,3,0.0019,0.0,0.0118,0.0005
request for payment 60346,3,0.0032,0.0025,0.0118,0.0009
request for payment 60348,18,0.0019,0.0,0.0159,0.0005
request for payment 60381,13,0.0032,0.0008,0.0151,0.0008
request for payment 6040,13,0.0032,0.1858,0.0172,0.0008
request for payment 60514,16,0.0026,0.0008,0.0129,0.0006
request for payment 60595,31,0.0026,0.0,0.0061,0.0006
request for payment 60688,33,0.0019,0.0004,0.0169,0.0005
request for payment 6087,0,0.0026,0.0,0.0092,0.0007
request for payment 60928,13,0.0026,0.0049,0.0159,0.0007
request for payment 60946,38,0.0019,0.0,0.0027,0.0005
request for payment 61001,12,0.0026,0.1946,0.0193,0.0007
request for payment 61026,23,0.0026,0.0002,0.0149,0.0007
request for payment 61073,14,0.0019,0.0,0.004,0.0005
request for payment 61075,23,0.0045,0.0064,0.015,0.0011
request for payment 6108,20,0.0019,0.0336,0.0192,0.0006
request for payment 61097,15,0.0032,0.0003,0.0053,0.0008
request for payment 61109,17,0.0019,0.0,0.0041,0.0005
request for payment 61235,18,0.0032,0.0032,0.0163,0.0008
request for payment 61298,31,0.0032,0.0001,0.0063,0.0008
request for payment 61317,19,0.0019,0.0,0.0173,0.0005
request for payment 61337,26,0.0026,0.0136,0.0093,0.0007
request for payment 61419,18,0.0032,0.0024,0.0163,0.0008
request for payment 61499,14,0.0019,0.0001,0.0042,0.0005
request for payment 61536,4,0.0019,0.0108,0.0175,0.0005
request for payment 6172,28,0.0026,0.0008,0.0086,0.0007
request for payment 61728,33,0.0039,0.0037,0.0173,0.0009
request for payment 61744,48,0.0019,0.0,0.0031,0.0005
request for payment 61758,33,0.0019,0.013,0.0182,0.0005
request for payment 61872,32,0.0026,0.0,0.0101,0.0006
request for payment 61874,32,0.0026,0.0,0.0101,0.0006
request for payment 61876,32,0.0039,0.0,0.0101,0.0009
request for payment 61920,19,0.0032,0.0003,0.0161,0.0007
request for payment 61922,19,0.0045,0.0065,0.0163,0.001
request for payment 61953,17,0.0026,0.0,0.0029,0.0006
request for payment 61990,28,0.0019,0.0003,0.0066,0.0005
request for payment 62010,32,0.0026,0.0012,0.0098,0.0006
request for payment 62026,30,0.0019,0.0458,0.0105,0.0006
request for payment 62149,16,0.0026,0.0019,0.0138,0.0006
request for payment 62152,35,0.0026,0.0519,0.0157,0.0007
request for payment 62154,23,0.0026,0.1073,0.0166,0.0006
request for payment 62156,35,0.0026,0.0519,0.0157,0.0007
request for payment 62158,35,0.0026,0.0525,0.016,0.0007
request for payment 6221,33,0.0019,0.0302,0.019,0.0006
request for payment 62284,23,0.0019,0.0,0.0137,0.0006
request for payment 62286,19,0.0032,0.002,0.0161,0.0009
request for payment 62318,47,0.0019,0.0,0.0029,0.0006
request for payment 62337,15,0.0019,0.0,0.0052,0.0005
request for payment 62339,16,0.0026,0.0014,0.0131,0.0006
request for payment 62385,33,0.0026,0.0058,0.0184,0.0007
request for payment 62403,33,0.0026,0.0002,0.0172,0.0006
request for payment 62523,18,0.0019,0.003,0.016,0.0005
request for payment 62556,15,0.0019,0.0005,0.0064,0.0005
request for payment 62559,15,0.0019,0.0,0.005,0.0005
request for payment 62572,9,0.0032,0.1489,0.0159,0.0008
request for payment 62671,7,0.0019,0.0,0.004,0.0005
request for payment 62674,32,0.0032,0.0025,0.0096,0.0008
request for payment 62711,37,0.0019,0.0045,0.0146,0.0005
request for payment 62741,54,0.0032,0.0041,0.0132,0.0007
request for payment 6278,2,0.0019,0.0003,0.0111,0.0005
request for payment 62780,23,0.0019,0.0017,0.0153,0.0005
request for payment 62782,23,0.0019,0.0017,0.0153,0.0005
request for payment 62858,0,0.0019,0.0003,0.0101,0.0005
request for payment 62963,33,0.0032,0.0077,0.0173,0.0008
request for payment 62978,18,0.0032,0.0003,0.0166,0.0007
request for payment 63104,38,0.0019,0.0,0.0026,0.0005
request for payment 63106,38,0.0019,0.0,0.0026,0.0005
request for payment 63149,5,0.0026,0.0,0.0148,0.0007
request for payment 63231,9,0.0019,0.0046,0.0142,0.0005
request for payment 63297,33,0.0026,0.0006,0.0173,0.0006
request for payment 63337,20,0.0019,0.0019,0.0189,0.0006
request for payment 63372,18,0.0032,0.0156,0.0183,0.0007
request for payment 63387,4,0.0032,0.0116,0.0174,0.0008
request for payment 63403,9,0.0019,0.0001,0.0152,0.0005
request for payment 63465,37,0.0019,0.0017,0.0146,0.0006
request for payment 6347,14,0.0019,0.0,0.0026,0.0006
request for payment 63480,37,0.0019,0.0017,0.0146,0.0006
request for payment 63533,10,0.0039,0.002,0.0168,0.0009
request for payment 63535,32,0.0026,0.0249,0.0111,0.0007
request for payment 63554,6,0.0026,0.0004,0.0163,0.0006
request for payment 63659,32,0.0026,0.0106,0.0102,0.0006
request for payment 63662,26,0.0032,0.0039,0.0093,0.0007
request for payment 63873,30,0.0026,0.0004,0.0109,0.0007
request for payment 64051,45,0.0019,0.0022,0.0145,0.0006
request for payment 6412,47,0.0026,0.0,0.0035,0.0006
request for payment 64174,27,0.0026,0.0006,0.0078,0.0007
request for payment 64210,37,0.0045,0.0028,0.0137,0.0009
request for payment 64212,8,0.0019,0.0035,0.0154,0.0006
request for payment 64339,7,0.0019,0.0,0.0048,0.0006
request for payment 64342,7,0.0019,0.0,0.0048,0.0006
request for payment 64482,35,0.0026,0.009,0.0142,0.0006
request for payment 64484,41,0.0032,0.0164,0.0125,0.0007
request for payment 64563,7,0.0032,0.0001,0.0061,0.0007
request for payment 64566,7,0.0039,0.0003,0.0061,0.0009
request for payment 64568,7,0.0032,0.0002,0.0055,0.0008
request for payment 64570,7,0.0026,0.0,0.0054,0.0006
request for payment 64572,7,0.0026,0.0001,0.0055,0.0006
request for payment 6465,26,0.0026,0.0002,0.0096,0.0006
request for payment 6468,26,0.0026,0.0002,0.0096,0.0006
request for payment 64686,26,0.0019,0.0257,0.0094,0.0005
request for payment 64688,43,0.0026,0.0012,0.0088,0.0007
request for payment 64734,28,0.0019,0.0,0.0075,0.0005
request for payment 64756,6,0.0019,0.002,0.0148,0.0006
request for payment 64775,51,0.0032,0.0,0.015,0.0008
request for payment 6487,24,0.0019,0.0,0.0027,0.0006
request for payment 6490,24,0.0019,0.0,0.0027,0.0006
request for payment 64906,26,0.0039,0.002,0.009,0.0009
request for payment 6492,24,0.0026,0.0,0.0034,0.0007
request for payment 6494,27,0.0032,0.0011,0.0078,0.0009
request for payment 64986,45,0.0032,0.0008,0.0137,0.0008
request for payment 64988,45,0.0032,0.0008,0.0137,0.0008
request for payment 65057,37,0.0019,0.0106,0.015,0.0005
request for payment 65267,51,0.0026,0.0011,0.0153,0.0006
request for payment 65368,51,0.0045,0.0012,0.015,0.0011
request for payment 65442,22,0.0039,0.0,0.0041,0.0009
request for payment 65444,7,0.0019,0.0,0.0058,0.0005
request for payment 6551,37,0.0032,0.0023,0.014,0.0007
request for payment 65570,23,0.0019,0.0032,0.0156,0.0005
request for payment 65591,10,0.0019,0.0,0.0157,0.0005
request for payment 65640,33,0.0032,0.021,0.0188,0.0009
request for payment 65692,29,0.0019,0.0,0.0031,0.0006
request for payment 65694,12,0.0032,0.2003,0.0188,0.0008
request for payment 65805,29,0.0019,0.0001,0.0032,0.0006
request for payment 65891,51,0.0019,0.0,0.0146,0.0005
request for payment 65918,13,0.0019,0.0043,0.0171,0.0005
request for payment 65933,10,0.0026,0.0072,0.0166,0.0006
request for payment 66012,3,0.0026,0.0058,0.0122,0.0007
request for payment 66017,19,0.0032,0.0017,0.0161,0.0009
request for payment 66066,28,0.0026,0.0001,0.0063,0.0006
request for payment 66081,35,0.0026,0.0004,0.0136,0.0006
request for payment 66083,35,0.0039,0.0021,0.0136,0.0009
request for payment 66124,6,0.0039,0.007,0.0156,0.0009
request for payment 66168,19,0.0032,0.0032,0.0162,0.0008
request for payment 66171,33,0.0026,0.0006,0.016,0.0007
request for payment 66245,14,0.0032,0.0003,0.0052,0.0008
request for payment 66324,52,0.0019,0.0,0.0021,0.0005
request for payment 66391,10,0.0019,0.0,0.0164,0.0005
request for payment 66407,6,0.0019,0.0017,0.0172,0.0005
request for payment 66433,23,0.0026,0.0,0.016,0.0006
request for payment 66464,21,0.0026,0.0008,0.0077,0.0007
request for payment 6650,9,0.0032,0.0141,0.0158,0.0008
request for payment 6653,11,0.0026,0.0,0.0026,0.0007
request for payment 66534,11,0.0019,0.0,0.0021,0.0005
request for payment 66537,31,0.0019,0.0,0.006,0.0005
request for payment 66644,33,0.0026,0.0133,0.0177,0.0007
request for payment 66646,13,0.0026,0.0043,0.0176,0.0006
request for payment 66648,2,0.0032,0.0003,0.0119,0.0007
request for payment 66684,14,0.0019,0.0,0.0026,0.0006
request for payment 66704,34,0.0019,0.0,0.0039,0.0005
request for payment 66882,14,0.0039,0.0,0.0038,0.0008
request for payment 66885,7,0.0019,0.0002,0.0069,0.0005
request for payment 66907,16,0.0026,0.003,0.014,0.0006
request for payment 66917,48,0.0026,0.0,0.0037,0.0007
request for payment 67028,13,0.0019,0.0029,0.0163,0.0006
request for payment 67030,19,0.0019,0.0017,0.0161,0.0006
request for payment 67078,38,0.0026,0.0,0.004,0.0006
request for payment 67081,38,0.0026,0.0,0.004,0.0006
request for payment 67083,38,0.0026,0.0,0.004,0.0006
request for payment 67131,14,0.0026,0.0002,0.0048,0.0007
request for payment 67133,24,0.0026,0.0,0.0044,0.0006
request for payment 67135,24,0.0019,0.0,0.0043,0.0005
request for payment 67199,44,0.0019,0.0,0.0023,0.0005
request for payment 67288,35,0.0019,0.0,0.0133,0.0005
request for payment 67291,6,0.0019,0.0,0.0149,0.0005
request for payment 67309,47,0.0045,0.0001,0.0046,0.0011
request for payment 67419,9,0.0019,0.0,0.0126,0.0006
request for payment 67421,9,0.0026,0.0,0.0126,0.0007
request for payment 67425,23,0.0019,0.0,0.0146,0.0005
request for payment 67474,13,0.0026,0.0004,0.0175,0.0006
request for payment 67669,1,0.0026,0.0132,0.0101,0.0006
request for payment 67684,50,0.0026,0.0004,0.0041,0.0007
request for payment 67710,15,0.0039,0.0001,0.0053,0.0008
request for payment 67742,39,0.0026,0.0,0.0112,0.0007
request for payment 67744,0,0.0019,0.0,0.0096,0.0005
request for payment 67762,40,0.0019,0.0,0.0031,0.0005
request for payment 67898,44,0.0032,0.0,0.0032,0.0009
request for payment 67966,48,0.0032,0.0,0.0037,0.0008
request for payment 67968,48,0.0032,0.0,0.0037,0.0008
request for payment 68010,23,0.0019,0.0,0.0147,0.0005
request for payment 68174,12,0.0019,0.0,0.0188,0.0005
request for payment 68233,14,0.0032,0.0,0.0034,0.0007
request for payment 68273,18,0.0019,0.0106,0.0165,0.0006
request for payment 68275,33,0.0026,0.0001,0.0173,0.0006
request for payment 68294,53,0.0026,0.0,0.0026,0.0007
request for payment 6834,54,0.0026,0.0,0.0127,0.0007
request for payment 6836,54,0.0019,0.0,0.0127,0.0005
request for payment 6838,54,0.0019,0.0,0.0127,0.0005
request for payment 68514,15,0.0032,0.0011,0.0056,0.0007
request for payment 68546,6,0.0026,0.1676,0.0184,0.0007
request for payment 68561,30,0.0032,0.0042,0.0107,0.0007
request for payment 68660,1,0.0019,0.0,0.0099,0.0005
request for payment 68756,41,0.0026,0.0098,0.0118,0.0007
request for payment 6879,15,0.0019,0.0012,0.0058,0.0005
request for payment 68992,16,0.0039,0.0059,0.0143,0.0009
request for payment 6904,8,0.0019,0.0434,0.0168,0.0005
request for payment 69172,39,0.0019,0.0506,0.0118,0.0006
request for payment 69229,3,0.0026,0.0013,0.0118,0.0007
request for payment 69268,25,0.0026,0.0659,0.0131,0.0007
request for payment 69270,33,0.0026,0.0077,0.0166,0.0007
request for payment 69328,44,0.0019,0.0,0.0023,0.0005
request for payment 6934,15,0.0026,0.0,0.005,0.0006
request for payment 6936,1,0.0026,0.0091,0.0096,0.0006
request for payment 69468,30,0.0019,0.0032,0.0105,0.0005
request for payment 69503,16,0.0019,0.0009,0.0128,0.0005
request for payment 69521,7,0.0019,0.0001,0.0055,0.0006
request for payment 69546,0,0.0019,0.0004,0.0111,0.0005
request for payment 6971,10,0.0019,0.0,0.0151,0.0005
request for payment 6973,10,0.0026,0.0028,0.0151,0.0007
request for payment 6975,10,0.0019,0.0,0.0151,0.0005
request for payment 69921,20,0.0019,0.0008,0.019,0.0005
request for payment 69935,12,0.0026,0.2001,0.0187,0.0007
request for payment 69958,39,0.0045,0.0033,0.0112,0.0011
request for payment 700,19,0.0019,0.0,0.0165,0.0005
request for payment 70076,14,0.0019,0.0002,0.0042,0.0006
request for payment 70078,30,0.0026,0.0309,0.0107,0.0007
request for payment 70135,30,0.0032,0.0,0.0105,0.0007
request for payment 70147,30,0.0032,0.0001,0.0105,0.0007
request for payment 70213,38,0.0026,0.0,0.0041,0.0006
request for payment 70357,33,0.0026,0.0339,0.0189,0.0007
request for payment 70359,13,0.0032,0.0084,0.0171,0.0008
request for payment 70361,45,0.0019,0.0112,0.0147,0.0005
request for payment 70612,29,0.0026,0.0001,0.0036,0.0007
request for payment 70645,13,0.0026,0.0004,0.0175,0.0006
request for payment 70729,15,0.0019,0.0,0.0036,0.0005
request for payment 71150,40,0.0032,0.0,0.0032,0.0008
request for payment 71182,30,0.0019,0.0009,0.0104,0.0005
request for payment 71277,5,0.0032,0.0017,0.0151,0.0008
request for payment 71279,26,0.0026,0.0007,0.0091,0.0006
request for payment 71437,4,0.0026,0.0008,0.0173,0.0007
request for payment 71442,5,0.0026,0.0106,0.0163,0.0006
request for payment 71444,4,0.0026,0.0008,0.0173,0.0007
request for payment 71558,1,0.0032,0.0293,0.0102,0.0008
request for payment 71576,52,0.0026,0.0,0.0026,0.0007
request for payment 71578,52,0.0026,0.0,0.0026,0.0007
request for payment 71603,0,0.0019,0.0005,0.0097,0.0005
request for payment 7161,33,0.0026,0.0,0.0171,0.0006
request for payment 7163,33,0.0026,0.0,0.0171,0.0006
request for payment 71635,28,0.0019,0.0,0.0058,0.0005
request for payment 7165,33,0.0039,0.0012,0.0175,0.0009
request for payment 71737,32,0.0019,0.0,0.0109,0.0005
request for payment 71780,8,0.0026,0.0023,0.0168,0.0007
request for payment 71806,51,0.0019,0.0098,0.0161,0.0006
request for payment 71899,21,0.0019,0.0,0.0076,0.0006
request for payment 71919,22,0.0019,0.0,0.003,0.0005
request for payment 71938,32,0.0026,0.0098,0.0101,0.0006
request for payment 71973,14,0.0039,0.0003,0.0057,0.001
request for payment 71978,50,0.0019,0.0013,0.0052,0.0006
request for payment 72009,7,0.0026,0.0,0.0037,0.0006
request for payment 72081,2,0.0019,0.0,0.0074,0.0006
request for payment 72357,0,0.0026,0.0,0.009,0.0006
request for payment 724,24,0.0026,0.0,0.0038,0.0007
request for payment 72411,0,0.0039,0.0005,0.0089,0.001
request for payment 72423,0,0.0032,0.0,0.009,0.0007
request for payment 72425,0,0.0032,0.0001,0.0096,0.0007
request for payment 72427,0,0.0032,0.0001,0.0096,0.0007
request for payment 72429,0,0.0032,0.0001,0.0096,0.0007
request for payment 72453,43,0.0026,0.0004,0.0092,0.0007
request for payment 72553,26,0.0019,0.0,0.0095,0.0005
request for payment 72603,20,0.0032,0.0482,0.0192,0.0008
request for payment 727,24,0.0019,0.0,0.0037,0.0005
request for payment 72703,0,0.0019,0.003,0.0119,0.0005
request for payment 72715,1,0.0019,0.0175,0.0095,0.0005
request for payment 72883,11,0.0026,0.0,0.0026,0.0007
request for payment 72937,41,0.0032,0.0225,0.0134,0.0008
request for payment 73039,34,0.0026,0.0,0.0029,0.0007
request for payment 73216,7,0.0019,0.0,0.0048,0.0006
request for payment 7327,5,0.0019,0.0008,0.0151,0.0005
request for payment 73308,30,0.0019,0.0441,0.0111,0.0006
request for payment 73355,2,0.0026,0.0032,0.0133,0.0007
request for payment 73358,32,0.0039,0.0032,0.0099,0.0009
request for payment 73397,16,0.0039,0.0001,0.0136,0.0009
request for payment 73444,14,0.0019,0.0,0.0044,0.0006
request for payment 73484,26,0.0026,0.002,0.0093,0.0006
request for payment 7367,13,0.0019,0.0094,0.0178,0.0005
request for payment 73737,15,0.0019,0.0001,0.0043,0.0005
request for payment 73897,10,0.0019,0.1613,0.0177,0.0005
request for payment 73955,0,0.0026,0.0046,0.0112,0.0007
request for payment 74097,39,0.0032,0.001,0.0122,0.0008
request for payment 74133,50,0.0019,0.0,0.0045,0.0005
request for payment 74388,30,0.0026,0.0319,0.0108,0.0007
request for payment 74417,7,0.0019,0.0,0.0043,0.0006
request for payment 74420,4,0.0019,0.0104,0.0173,0.0005
request for payment 74438,41,0.0032,0.0209,0.0125,0.0008
request for payment 74454,40,0.0039,0.0001,0.0037,0.0009
request for payment 74504,31,0.0039,0.0013,0.0065,0.0009
request for payment 74547,8,0.0019,0.0,0.0151,0.0005
request for payment 74724,35,0.0026,0.1048,0.0152,0.0007
request for payment 74876,28,0.0026,0.0013,0.0087,0.0007
request for payment 74906,14,0.0026,0.0,0.0047,0.0007
request for payment 74947,1,0.0032,0.0025,0.0096,0.0007
request for payment 75155,16,0.0032,0.0029,0.0144,0.0008
request for payment 75287,4,0.0019,0.013,0.0174,0.0005
request for payment 75321,35,0.0026,0.0525,0.016,0.0007
request for payment 75334,31,0.0039,0.0001,0.0063,0.0009
request for payment 75337,31,0.0039,0.0001,0.0063,0.0009
request for payment 75339,19,0.0032,0.0141,0.0173,0.0008
request for payment 7534,0,0.0026,0.0006,0.0098,0.0007
request for payment 75543,43,0.0019,0.0,0.0114,0.0005
request for payment 75827,7,0.0019,0.0,0.0044,0.0005
request for payment 75830,48,0.0039,0.0,0.0044,0.001
request for payment 7588,37,0.0032,0.0013,0.0137,0.0007
request for payment 7590,12,0.0019,0.0,0.0178,0.0005
request for payment 75931,4,0.0019,0.0186,0.0171,0.0005
request for payment 76057,8,0.0026,0.1853,0.017,0.0006
request for payment 7613,10,0.0019,0.0003,0.0148,0.0005
request for payment 76130,26,0.0032,0.0012,0.0092,0.0007
request for payment 76139,26,0.0032,0.0008,0.0092,0.0007
request for payment 7615,18,0.0026,0.0019,0.017,0.0006
request for payment 7617,54,0.0019,0.0004,0.0129,0.0005
request for payment 7619,54,0.0032,0.0021,0.0129,0.0008
request for payment 76195,27,0.0019,0.0,0.0077,0.0006
request for payment 76248,35,0.0039,0.0007,0.0145,0.0009
request for payment 76250,35,0.0026,0.0003,0.0145,0.0006
request for payment 76252,35,0.0026,0.0003,0.0145,0.0006
request for payment 76424,4,0.0019,0.0,0.0179,0.0005
request for payment 7649,35,0.0039,0.0037,0.0139,0.0008
request for payment 7651,35,0.0026,0.0,0.0133,0.0006
request for payment 7653,9,0.0019,0.0,0.0154,0.0005
request for payment 7655,0,0.0026,0.0007,0.0105,0.0007
request for payment 76579,20,0.0026,0.1578,0.0193,0.0007
request for payment 76622,8,0.0019,0.0434,0.0168,0.0005
request for payment 76693,40,0.0026,0.0001,0.005,0.0007
request for payment 76758,13,0.0026,0.0043,0.0176,0.0006
request for payment 76972,50,0.0019,0.0,0.0045,0.0005
request for payment 77073,28,0.0032,0.0002,0.008,0.0008
request for payment 77075,28,0.0019,0.0,0.0075,0.0005
request for payment 7712,50,0.0026,0.0014,0.0056,0.0007
request for payment 77284,10,0.0026,0.1692,0.0179,0.0006
request for payment 77547,39,0.0019,0.0153,0.012,0.0006
request for payment 7755,31,0.0032,0.0012,0.0066,0.0007
request for payment 7758,8,0.0026,0.0092,0.016,0.0007
request for payment 776,19,0.0019,0.0065,0.0163,0.0006
request for payment 7760,50,0.0019,0.0,0.0039,0.0006
request for payment 778,12,0.0019,0.099,0.0184,0.0005
request for payment 77902,50,0.0019,0.001,0.0043,0.0006
request for payment 77914,43,0.0019,0.0004,0.0097,0.0005
request for payment 780,12,0.0032,0.0999,0.0184,0.0008
request for payment 78106,40,0.0019,0.0,0.0034,0.0006
request for payment 78108,41,0.0019,0.0503,0.0139,0.0005
request for payment 78180,32,0.0019,0.0218,0.0107,0.0005
request for payment 7819,37,0.0039,0.0196,0.0153,0.001
request for payment 78236,43,0.0032,0.002,0.0116,0.0008
request for payment 78284,0,0.0019,0.0033,0.0111,0.0005
request for payment 78305,40,0.0019,0.0,0.0045,0.0005
request for payment 7838,12,0.0039,0.1988,0.0183,0.001
request for payment 78401,0,0.0032,0.0007,0.0114,0.0008
request for payment 78515,12,0.0026,0.2009,0.0189,0.0007
request for payment 78556,18,0.0032,0.1964,0.0187,0.0008
request for payment 78581,8,0.0019,0.0003,0.0161,0.0005
request for payment 7874,30,0.0019,0.0007,0.0112,0.0006
request for payment 78838,39,0.0026,0.0017,0.0118,0.0006
request for payment 78971,39,0.0026,0.0011,0.0121,0.0007
request for payment 78998,29,0.0019,0.0,0.0022,0.0005
request for payment 7906,50,0.0026,0.001,0.0045,0.0007
request for payment 79124,2,0.0026,0.0032,0.0134,0.0007
request for payment 79185,40,0.0026,0.0001,0.0042,0.0006
request for payment 79866,8,0.0026,0.0003,0.0154,0.0007
request for payment 79914,5,0.0039,0.0036,0.0159,0.0009
request for payment 79930,9,0.0032,0.0097,0.0154,0.0008
request for payment 79963,29,0.0026,0.0,0.0038,0.0007
request for payment 79987,8,0.0032,0.0946,0.0168,0.0008
request for payment 80002,17,0.0019,0.0,0.0027,0.0005
request for payment 80027,16,0.0019,0.0347,0.0146,0.0005
request for payment 80042,40,0.0026,0.0001,0.0041,0.0007
request for payment 80069,45,0.0019,0.1443,0.0145,0.0005
request for payment 80521,20,0.0026,0.128,0.0191,0.0006
request for payment 80541,16,0.0019,0.0007,0.0143,0.0005
request for payment 80543,30,0.0019,0.0121,0.0115,0.0005
request for payment 80546,30,0.0019,0.0121,0.0115,0.0005
request for payment 80606,7,0.0026,0.0,0.0037,0.0006
request for payment 80608,41,0.0019,0.0002,0.0133,0.0005
request for payment 80668,13,0.0019,0.0021,0.0166,0.0005
request for payment 80670,16,0.0019,0.0753,0.0149,0.0005
request for payment 80672,31,0.0019,0.0,0.0061,0.0005
request for payment 808,21,0.0019,0.0,0.0076,0.0005
request for payment 80999,25,0.0019,0.0186,0.0129,0.0005
request for payment 811,30,0.0019,0.0003,0.0103,0.0005
request for payment 81170,20,0.0019,0.0199,0.0189,0.0005
request for payment 8137,28,0.0032,0.0001,0.006,0.0008
request for payment 8140,28,0.0032,0.0002,0.0063,0.0008
request for payment 8142,29,0.0026,0.0001,0.0043,0.0007
request for payment 81463,25,0.0019,0.037,0.0128,0.0005
request for payment 81609,33,0.0026,0.001,0.0167,0.0007
request for payment 81611,1,0.0039,0.0216,0.0097,0.0009
request for payment 82014,41,0.0019,0.0098,0.0118,0.0005
request for payment 82100,20,0.0019,0.0008,0.019,0.0005
request for payment 82229,41,0.0026,0.0019,0.0136,0.0007
request for payment 82231,6,0.0032,0.0219,0.018,0.0008
request for payment 82310,30,0.0019,0.0154,0.0107,0.0005
request for payment 82347,25,0.0019,0.1439,0.0143,0.0005
request for payment 82377,30,0.0019,0.0452,0.0104,0.0005
request for payment 82433,20,0.0019,0.0134,0.0177,0.0005
request for payment 82505,6,0.0026,0.0207,0.0176,0.0007
request for payment 82528,30,0.0039,0.0483,0.0114,0.001
request for payment 82544,46,0.0032,0.0,0.0111,0.0007
request for payment 82546,46,0.0039,0.0017,0.0115,0.0008
request for payment 82548,46,0.0039,0.001,0.0115,0.0009
request for payment 82564,30,0.0019,0.0464,0.0113,0.0005
request for payment 82927,45,0.0019,0.0002,0.0146,0.0005
request for payment 83110,20,0.0019,0.0222,0.0189,0.0006
request for payment 83361,1,0.0019,0.0258,0.01,0.0005
request for payment 83380,6,0.0019,0.1786,0.0186,0.0005
request for payment 83404,39,0.0026,0.0003,0.011,0.0006
request for payment 83407,39,0.0026,0.0003,0.011,0.0006
request for payment 83409,39,0.0026,0.0003,0.011,0.0006
request for payment 83479,35,0.0026,0.0036,0.0148,0.0006
request for payment 83494,35,0.0019,0.1033,0.0154,0.0005
request for payment 8354,41,0.0019,0.0098,0.0118,0.0005
request for payment 83566,18,0.0032,0.0243,0.0183,0.0007
request for payment 83583,33,0.0019,0.0204,0.0187,0.0006
request for payment 83606,23,0.0039,0.1351,0.0171,0.0009
request for payment 83608,26,0.0032,0.0413,0.0099,0.0008
request for payment 84046,39,0.0026,0.0003,0.0122,0.0007
request for payment 84142,29,0.0026,0.0,0.0035,0.0007
request for payment 84199,45,0.0019,0.0,0.0137,0.0005
request for payment 84354,46,0.0026,0.0005,0.0122,0.0006
request for payment 8438,44,0.0032,0.0,0.0032,0.0009
request for payment 8441,33,0.0026,0.0017,0.0165,0.0007
request for payment 84479,23,0.0019,0.1359,0.0174,0.0005
request for payment 84481,29,0.0026,0.0,0.0038,0.0007
request for payment 845,23,0.0026,0.0001,0.0158,0.0006
request for payment 8458,41,0.0019,0.0403,0.0129,0.0005
request for payment 84609,35,0.0019,0.1062,0.0163,0.0005
request for payment 847,4,0.0019,0.0,0.0159,0.0005
request for payment 84705,42,0.0032,0.0007,0.0086,0.0008
request for payment 84707,33,0.0019,0.0043,0.0173,0.0005
request for payment 84709,42,0.0032,0.0007,0.0086,0.0008
request for payment 8478,39,0.0026,0.0031,0.012,0.0007
request for payment 84895,14,0.0019,0.0003,0.0055,0.0005
request for payment 8500,10,0.0026,0.0,0.0157,0.0007
request for payment 85164,10,0.0026,0.0049,0.0155,0.0006
request for payment 8521,28,0.0019,0.0022,0.0077,0.0005
request for payment 85286,20,0.0039,0.0115,0.0186,0.0009
request for payment 85335,6,0.0026,0.1652,0.0182,0.0007
request for payment 85352,15,0.0026,0.0001,0.004,0.0006
request for payment 85401,28,0.0026,0.0011,0.0066,0.0007
request for payment 85446,21,0.0026,0.0008,0.0092,0.0006
request for payment 85491,0,0.0026,0.0003,0.0094,0.0007
request for payment 85522,16,0.0039,0.0147,0.0136,0.0008
request for payment 85564,34,0.0032,0.0,0.003,0.0007
request for payment 85566,34,0.0032,0.0,0.0035,0.0007
request for payment 85874,40,0.0019,0.0,0.0034,0.0006
request for payment 8597,2,0.0026,0.0031,0.0126,0.0006
request for payment 85995,10,0.0026,0.0202,0.0157,0.0007
request for payment 86020,41,0.0026,0.0,0.0122,0.0006
request for payment 86022,10,0.0026,0.0091,0.0175,0.0006
request for payment 86128,18,0.0026,0.0192,0.0181,0.0006
request for payment 86188,46,0.0026,0.0019,0.0119,0.0006
request for payment 86201,44,0.0019,0.0,0.0023,0.0005
request for payment 86213,41,0.0019,0.0003,0.0124,0.0005
request for payment 86298,29,0.0026,0.0001,0.003,0.0007
request for payment 86374,40,0.0019,0.0,0.0031,0.0005
request for payment 86474,2,0.0026,0.0066,0.0133,0.0007
request for payment 86543,18,0.0032,0.0003,0.0166,0.0007
request for payment 86545,36,0.0026,0.0,0.0026,0.0007
request for payment 8751,12,0.0026,0.008,0.0189,0.0007
request for payment 8796,31,0.0039,0.0017,0.0067,0.0009
request for payment 8798,50,0.0019,0.0,0.0054,0.0005
request for payment 8820,25,0.0032,0.1349,0.0134,0.0008
request for payment 883,10,0.0032,0.0,0.0164,0.0008
request for payment 8843,25,0.0032,0.0,0.0137,0.0007
request for payment 8845,25,0.0032,0.0001,0.0138,0.0007
request for payment 8847,25,0.0039,0.0002,0.0137,0.0008
request for payment 8977,1,0.0019,0.0251,0.0098,0.0005
request for payment 9019,26,0.0019,0.0118,0.0098,0.0005
request for payment 9103,7,0.0026,0.0002,0.0074,0.0007
request for payment 9125,0,0.0019,0.0,0.0092,0.0005
request for payment 9142,37,0.0019,0.0,0.015,0.0006
request for payment 9145,37,0.0019,0.0,0.015,0.0006
request for payment 9147,37,0.0019,0.0,0.015,0.0006
request for payment 9234,33,0.0032,0.003,0.0175,0.0008
request for payment 9258,32,0.0026,0.0061,0.0104,0.0006
request for payment 9261,15,0.0026,0.0,0.0036,0.0006
request for payment 9263,15,0.0026,0.0,0.0036,0.0006
request for payment 9312,18,0.0019,0.0057,0.0169,0.0005
request for payment 9349,9,0.0039,0.0107,0.0143,0.001
request for payment 9351,9,0.0032,0.0062,0.0143,0.0008
request for payment 9353,9,0.0019,0.0,0.014,0.0005
request for payment 9355,9,0.0026,0.0106,0.014,0.0006
request for payment 9382,51,0.0026,0.0047,0.0157,0.0007
request for payment 9554,47,0.0019,0.0,0.0035,0.0005
request for payment 9556,47,0.0026,0.0,0.0035,0.0007
request for payment 9585,14,0.0026,0.0,0.0034,0.0006
request for payment 9588,37,0.0039,0.0008,0.0134,0.0008
request for payment 9590,37,0.0039,0.0008,0.0134,0.0008
request for payment 9707,13,0.0019,0.0,0.0173,0.0005
request for payment 9710,51,0.0026,0.0,0.015,0.0006
request for payment 9777,12,0.0026,0.1003,0.019,0.0007
request for payment 9799,25,0.0032,0.1333,0.0133,0.0008
request for payment 996,1,0.0026,0.0091,0.0096,0.0006
request for payment 998,0,0.0026,0.0005,0.0108,0.0007
